idna_subject,checker_type,destination,source,tested_at,session_id
001www.com,AVAILABILITY,domains.list,domains.list,2021-10-02 03:46:17.493658,81561f4171cbf303385bcfe4
0hacks.com,AVAILABILITY,domains.list,domains.list,2021-10-02 03:46:17.887464,81561f4171cbf303385bcfe4
1.pandawamovie.com,AVAILABILITY,domains.list,domains.list,2021-10-02 03:46:18.613968,81561f4171cbf303385bcfe4
100extensionsforgames.com,AVAILABILITY,domains.list,domains.list,2021-10-02 03:46:20.666802,81561f4171cbf303385bcfe4
100giveaways.com,AVAILABILITY,domains.list,domains.list,2021-10-02 03:46:20.900999,81561f4171cbf303385bcfe4
12hack.com,AVAILABILITY,domains.list,domains.list,2021-10-02 03:46:21.425752,81561f4171cbf303385bcfe4
16-b.it,AVAILABILITY,domains.list,domains.list,2021-10-02 03:46:21.655486,81561f4171cbf303385bcfe4
1centptc.com,AVAILABILITY,domains.list,domains.list,2021-10-02 03:46:21.875693,81561f4171cbf303385bcfe4
1dollarempire.com,AVAILABILITY,domains.list,domains.list,2021-10-02 03:46:22.208703,81561f4171cbf303385bcfe4
1hacks.com,AVAILABILITY,domains.list,domains.list,2021-10-02 03:46:23.089088,81561f4171cbf303385bcfe4
2012hacks.com,AVAILABILITY,domains.list,domains.list,2021-10-02 03:46:23.624758,81561f4171cbf303385bcfe4
2013-hacks.net,AVAILABILITY,domains.list,domains.list,2021-10-02 03:46:23.968791,81561f4171cbf303385bcfe4
2014gameshack.com,AVAILABILITY,domains.list,domains.list,2021-10-02 03:46:24.346618,81561f4171cbf303385bcfe4
2014tools.com,AVAILABILITY,domains.list,domains.list,2021-10-02 03:46:25.635854,81561f4171cbf303385bcfe4
21boxoffice.com,AVAILABILITY,domains.list,domains.list,2021-10-02 03:46:25.853873,81561f4171cbf303385bcfe4
24-tabs.ru,AVAILABILITY,domains.list,domains.list,2021-10-02 03:46:26.199761,81561f4171cbf303385bcfe4
247gamerz.com,AVAILABILITY,domains.list,domains.list,2021-10-02 03:46:26.437669,81561f4171cbf303385bcfe4
247playz.com,AVAILABILITY,domains.list,domains.list,2021-10-02 03:46:26.723163,81561f4171cbf303385bcfe4
24exchange.org,AVAILABILITY,domains.list,domains.list,2021-10-02 03:46:26.956870,81561f4171cbf303385bcfe4
24hourdrugsource.com,AVAILABILITY,domains.list,domains.list,2021-10-02 03:46:28.121602,81561f4171cbf303385bcfe4
24tradecs.net,AVAILABILITY,domains.list,domains.list,2021-10-02 03:46:29.000995,81561f4171cbf303385bcfe4
270inc.com,AVAILABILITY,domains.list,domains.list,2021-10-02 03:46:29.285869,81561f4171cbf303385bcfe4
2in1pill.com,AVAILABILITY,domains.list,domains.list,2021-10-02 03:46:30.201306,81561f4171cbf303385bcfe4
2mydns.net,AVAILABILITY,domains.list,domains.list,2021-10-02 03:46:30.640124,81561f4171cbf303385bcfe4
30dominos.com,AVAILABILITY,domains.list,domains.list,2021-10-02 03:46:31.788856,81561f4171cbf303385bcfe4
32-b.it,AVAILABILITY,domains.list,domains.list,2021-10-02 03:46:32.023171,81561f4171cbf303385bcfe4
3604free.com,AVAILABILITY,domains.list,domains.list,2021-10-02 03:46:32.404321,81561f4171cbf303385bcfe4
360elite4free.com,AVAILABILITY,domains.list,domains.list,2021-10-02 03:46:32.757938,81561f4171cbf303385bcfe4
365giveaways.com,AVAILABILITY,domains.list,domains.list,2021-10-02 03:46:33.399544,81561f4171cbf303385bcfe4
3dmoviehd.com,AVAILABILITY,domains.list,domains.list,2021-10-02 03:46:34.265913,81561f4171cbf303385bcfe4
3dsemudownload.com,AVAILABILITY,domains.list,domains.list,2021-10-02 03:46:34.704095,81561f4171cbf303385bcfe4
3dsemulation.com,AVAILABILITY,domains.list,domains.list,2021-10-02 03:46:34.945698,81561f4171cbf303385bcfe4
3dsemulator.info,AVAILABILITY,domains.list,domains.list,2021-10-02 03:46:35.263419,81561f4171cbf303385bcfe4
3dsemulator.org,AVAILABILITY,domains.list,domains.list,2021-10-02 03:46:35.537332,81561f4171cbf303385bcfe4
3dsvita.com,AVAILABILITY,domains.list,domains.list,2021-10-02 03:46:36.579072,81561f4171cbf303385bcfe4
3xfull.com,AVAILABILITY,domains.list,domains.list,2021-10-02 03:46:36.826374,81561f4171cbf303385bcfe4
3xupdate.com,AVAILABILITY,domains.list,domains.list,2021-10-02 03:46:37.155385,81561f4171cbf303385bcfe4
411playz.com,AVAILABILITY,domains.list,domains.list,2021-10-02 03:46:37.681991,81561f4171cbf303385bcfe4
4ieghiufb.website,AVAILABILITY,domains.list,domains.list,2021-10-02 03:46:38.150417,81561f4171cbf303385bcfe4
50centstreetkingimmortal.com,AVAILABILITY,domains.list,domains.list,2021-10-02 03:46:38.547661,81561f4171cbf303385bcfe4
623762.com,AVAILABILITY,domains.list,domains.list,2021-10-02 03:46:39.336676,81561f4171cbf303385bcfe4
64-b.it,AVAILABILITY,domains.list,domains.list,2021-10-02 03:46:39.567171,81561f4171cbf303385bcfe4
68769.videojuh.biz,AVAILABILITY,domains.list,domains.list,2021-10-02 03:46:39.961591,81561f4171cbf303385bcfe4
774378.com,AVAILABILITY,domains.list,domains.list,2021-10-02 03:46:45.455439,81561f4171cbf303385bcfe4
7games7.com,AVAILABILITY,domains.list,domains.list,2021-10-02 03:46:46.180575,81561f4171cbf303385bcfe4
7hacks.com,AVAILABILITY,domains.list,domains.list,2021-10-02 03:46:47.265343,81561f4171cbf303385bcfe4
8ballpool.social-cheats.com,AVAILABILITY,domains.list,domains.list,2021-10-02 03:47:04.160750,81561f4171cbf303385bcfe4
8cheat.com,AVAILABILITY,domains.list,domains.list,2021-10-02 03:47:04.399181,81561f4171cbf303385bcfe4
999-proxy.com,AVAILABILITY,domains.list,domains.list,2021-10-02 03:47:04.881105,81561f4171cbf303385bcfe4
999dlce.com,AVAILABILITY,domains.list,domains.list,2021-10-02 03:47:05.111253,81561f4171cbf303385bcfe4
99cheats.com,AVAILABILITY,domains.list,domains.list,2021-10-02 03:47:07.512825,81561f4171cbf303385bcfe4
99noivas.com,AVAILABILITY,domains.list,domains.list,2021-10-02 03:47:08.790759,81561f4171cbf303385bcfe4
99videos.biz,AVAILABILITY,domains.list,domains.list,2021-10-02 03:47:09.632080,81561f4171cbf303385bcfe4
a1hacks.com,AVAILABILITY,domains.list,domains.list,2021-10-02 03:47:12.274986,81561f4171cbf303385bcfe4
abscbn-news-online.info,AVAILABILITY,domains.list,domains.list,2021-10-02 03:47:12.873967,81561f4171cbf303385bcfe4
accountemporium.com,AVAILABILITY,domains.list,domains.list,2021-10-02 03:47:13.776374,81561f4171cbf303385bcfe4
accountgiveaway.com,AVAILABILITY,domains.list,domains.list,2021-10-02 03:47:14.131729,81561f4171cbf303385bcfe4
accounthackers.com,AVAILABILITY,domains.list,domains.list,2021-10-02 03:47:14.561094,81561f4171cbf303385bcfe4
accounts.mx,AVAILABILITY,domains.list,domains.list,2021-10-02 03:47:15.172692,81561f4171cbf303385bcfe4
acieh.onecinema.us,AVAILABILITY,domains.list,domains.list,2021-10-02 03:47:16.107140,81561f4171cbf303385bcfe4
activefiles.org,AVAILABILITY,domains.list,domains.list,2021-10-02 03:47:18.885825,81561f4171cbf303385bcfe4
activehacks.com,AVAILABILITY,domains.list,domains.list,2021-10-02 03:47:19.239772,81561f4171cbf303385bcfe4
adabonus2021.com,AVAILABILITY,domains.list,domains.list,2021-10-02 03:47:19.497770,81561f4171cbf303385bcfe4
adabonus2021.net,AVAILABILITY,domains.list,domains.list,2021-10-02 03:47:19.760769,81561f4171cbf303385bcfe4
adbon.us,AVAILABILITY,domains.list,domains.list,2021-10-02 03:47:20.255501,81561f4171cbf303385bcfe4
addgramfollows.com,AVAILABILITY,domains.list,domains.list,2021-10-02 03:47:40.721222,81561f4171cbf303385bcfe4
addictingcheats.com,AVAILABILITY,domains.list,domains.list,2021-10-02 03:47:41.099366,81561f4171cbf303385bcfe4
addition4u.com,AVAILABILITY,domains.list,domains.list,2021-10-02 03:47:41.589556,81561f4171cbf303385bcfe4
addpaypal.com,AVAILABILITY,domains.list,domains.list,2021-10-02 03:48:02.575838,81561f4171cbf303385bcfe4
adgatemedia.com,AVAILABILITY,domains.list,domains.list,2021-10-02 03:48:03.773812,81561f4171cbf303385bcfe4
adminpanelfaker.space,AVAILABILITY,domains.list,domains.list,2021-10-02 03:48:04.163243,81561f4171cbf303385bcfe4
adminpaneltop.site,AVAILABILITY,domains.list,domains.list,2021-10-02 03:48:04.393210,81561f4171cbf303385bcfe4
adnooka.com,AVAILABILITY,domains.list,domains.list,2021-10-02 03:48:04.676121,81561f4171cbf303385bcfe4
adobephotoshopcccrack.com,AVAILABILITY,domains.list,domains.list,2021-10-02 03:48:05.011083,81561f4171cbf303385bcfe4
adshiftmedia.com,AVAILABILITY,domains.list,domains.list,2021-10-02 03:48:05.554639,81561f4171cbf303385bcfe4
adult18games.com,AVAILABILITY,domains.list,domains.list,2021-10-02 03:48:07.181327,81561f4171cbf303385bcfe4
adultgameshacked.com,AVAILABILITY,domains.list,domains.list,2021-10-02 03:48:07.411984,81561f4171cbf303385bcfe4
aeriagenerator.com,AVAILABILITY,domains.list,domains.list,2021-10-02 03:48:07.786691,81561f4171cbf303385bcfe4
agmtrk.com,AVAILABILITY,domains.list,domains.list,2021-10-02 03:48:09.044733,81561f4171cbf303385bcfe4
agpaving.com,AVAILABILITY,domains.list,domains.list,2021-10-02 03:48:09.319831,81561f4171cbf303385bcfe4
aimbothack.sharezips.net,AVAILABILITY,domains.list,domains.list,2021-10-02 03:48:10.441189,81561f4171cbf303385bcfe4
aimbotnow.sharezips.info,AVAILABILITY,domains.list,domains.list,2021-10-02 03:48:10.918514,81561f4171cbf303385bcfe4
airdrop-coinbase.com,AVAILABILITY,domains.list,domains.list,2021-10-02 03:48:11.262313,81561f4171cbf303385bcfe4
albumdownloadfree.com,AVAILABILITY,domains.list,domains.list,2021-10-02 03:48:11.798135,81561f4171cbf303385bcfe4
albumleaked.com,AVAILABILITY,domains.list,domains.list,2021-10-02 03:48:12.202232,81561f4171cbf303385bcfe4
aldenfiles.com,AVAILABILITY,domains.list,domains.list,2021-10-02 03:48:12.484347,81561f4171cbf303385bcfe4
alienrage.sharezips.info,AVAILABILITY,domains.list,domains.list,2021-10-02 03:48:13.179562,81561f4171cbf303385bcfe4
alienrage.sharezips.net,AVAILABILITY,domains.list,domains.list,2021-10-02 03:48:14.161432,81561f4171cbf303385bcfe4
alivehacks.com,AVAILABILITY,domains.list,domains.list,2021-10-02 03:48:14.643195,81561f4171cbf303385bcfe4
all-games-cheats.com,AVAILABILITY,domains.list,domains.list,2021-10-02 03:48:14.866762,81561f4171cbf303385bcfe4
alldaycheats.com,AVAILABILITY,domains.list,domains.list,2021-10-02 03:48:15.357736,81561f4171cbf303385bcfe4
allfreehack.com,AVAILABILITY,domains.list,domains.list,2021-10-02 03:48:15.842450,81561f4171cbf303385bcfe4
allfreesoftware.org,AVAILABILITY,domains.list,domains.list,2021-10-02 03:48:16.297848,81561f4171cbf303385bcfe4
allgamehacks.org,AVAILABILITY,domains.list,domains.list,2021-10-02 03:48:16.548866,81561f4171cbf303385bcfe4
allgamesdownload.org,AVAILABILITY,domains.list,domains.list,2021-10-02 03:48:16.823914,81561f4171cbf303385bcfe4
allgameshack.com,AVAILABILITY,domains.list,domains.list,2021-10-02 03:48:17.079384,81561f4171cbf303385bcfe4
allgengamingservers.com,AVAILABILITY,domains.list,domains.list,2021-10-02 03:48:17.736893,81561f4171cbf303385bcfe4
allgethack.com,AVAILABILITY,domains.list,domains.list,2021-10-02 03:48:17.987326,81561f4171cbf303385bcfe4
allhack.net,AVAILABILITY,domains.list,domains.list,2021-10-02 03:48:18.357730,81561f4171cbf303385bcfe4
allhack4u.com,AVAILABILITY,domains.list,domains.list,2021-10-02 03:48:18.585282,81561f4171cbf303385bcfe4
allhackarena.com,AVAILABILITY,domains.list,domains.list,2021-10-02 03:48:19.016402,81561f4171cbf303385bcfe4
allhacks2games.com,AVAILABILITY,domains.list,domains.list,2021-10-02 03:48:19.246983,81561f4171cbf303385bcfe4
allhacksforgames.com,AVAILABILITY,domains.list,domains.list,2021-10-02 03:48:19.515150,81561f4171cbf303385bcfe4
allhackz.net,AVAILABILITY,domains.list,domains.list,2021-10-02 03:48:20.103035,81561f4171cbf303385bcfe4
alljazeera.co,AVAILABILITY,domains.list,domains.list,2021-10-02 03:48:20.567108,81561f4171cbf303385bcfe4
allkeygensdownload.com,AVAILABILITY,domains.list,domains.list,2021-10-02 03:48:20.941804,81561f4171cbf303385bcfe4
allthecheats.net,AVAILABILITY,domains.list,domains.list,2021-10-02 03:48:21.546967,81561f4171cbf303385bcfe4
alphacsgo.pro,AVAILABILITY,domains.list,domains.list,2021-10-02 03:48:21.926358,81561f4171cbf303385bcfe4
alphajailbreak.com,AVAILABILITY,domains.list,domains.list,2021-10-02 03:48:22.530858,81561f4171cbf303385bcfe4
alt-gen.com,AVAILABILITY,domains.list,domains.list,2021-10-02 03:48:22.892218,81561f4171cbf303385bcfe4
altdispenser.net,AVAILABILITY,domains.list,domains.list,2021-10-02 03:48:23.345539,81561f4171cbf303385bcfe4
altsforyou.org,AVAILABILITY,domains.list,domains.list,2021-10-02 03:48:23.815823,81561f4171cbf303385bcfe4
amazing-drop.net,AVAILABILITY,domains.list,domains.list,2021-10-02 03:48:24.166340,81561f4171cbf303385bcfe4
amazingbizplan.com,AVAILABILITY,domains.list,domains.list,2021-10-02 03:48:24.792187,81561f4171cbf303385bcfe4
amazingcash.org,AVAILABILITY,domains.list,domains.list,2021-10-02 03:48:25.831289,81561f4171cbf303385bcfe4
amazingcheat.com,AVAILABILITY,domains.list,domains.list,2021-10-02 03:48:26.136737,81561f4171cbf303385bcfe4
amazingcheats.com,AVAILABILITY,domains.list,domains.list,2021-10-02 03:48:26.369553,81561f4171cbf303385bcfe4
amazinglyhot.com,AVAILABILITY,domains.list,domains.list,2021-10-02 03:48:26.799612,81561f4171cbf303385bcfe4
amazoncards.dlcodes.com,AVAILABILITY,domains.list,domains.list,2021-10-02 03:48:28.057552,81561f4171cbf303385bcfe4
amazongiftcardgenerator.org,AVAILABILITY,domains.list,domains.list,2021-10-02 03:48:28.826679,81561f4171cbf303385bcfe4
amazongiftcardgiveaway.com,AVAILABILITY,domains.list,domains.list,2021-10-02 03:48:29.058101,81561f4171cbf303385bcfe4
amazongiftcardscodes.com,AVAILABILITY,domains.list,domains.list,2021-10-02 03:48:29.744875,81561f4171cbf303385bcfe4
amgcase.com,AVAILABILITY,domains.list,domains.list,2021-10-02 03:48:30.235674,81561f4171cbf303385bcfe4
anamovies.com,AVAILABILITY,domains.list,domains.list,2021-10-02 03:48:30.889635,81561f4171cbf303385bcfe4
android-form.eu,AVAILABILITY,domains.list,domains.list,2021-10-02 03:48:31.529631,81561f4171cbf303385bcfe4
android-game-hacks.com,AVAILABILITY,domains.list,domains.list,2021-10-02 03:48:31.750882,81561f4171cbf303385bcfe4
android-ios-hack.com,AVAILABILITY,domains.list,domains.list,2021-10-02 03:48:31.985163,81561f4171cbf303385bcfe4
androidbests.com,AVAILABILITY,domains.list,domains.list,2021-10-02 03:48:33.410294,81561f4171cbf303385bcfe4
androidblender.com,AVAILABILITY,domains.list,domains.list,2021-10-02 03:48:34.102438,81561f4171cbf303385bcfe4
androidgamehacks.info,AVAILABILITY,domains.list,domains.list,2021-10-02 03:48:34.546118,81561f4171cbf303385bcfe4
androidgamemods.com,AVAILABILITY,domains.list,domains.list,2021-10-02 03:48:34.961793,81561f4171cbf303385bcfe4
androidhacks4u.com,AVAILABILITY,domains.list,domains.list,2021-10-02 03:48:36.843487,81561f4171cbf303385bcfe4
androidplayhack.com,AVAILABILITY,domains.list,domains.list,2021-10-02 03:48:39.587603,81561f4171cbf303385bcfe4
androidsbestgames.com,AVAILABILITY,domains.list,domains.list,2021-10-02 03:48:40.710370,81561f4171cbf303385bcfe4
androidwifihack.net,AVAILABILITY,domains.list,domains.list,2021-10-02 03:48:41.715095,81561f4171cbf303385bcfe4
angryhack.com,AVAILABILITY,domains.list,domains.list,2021-10-02 03:48:42.318924,81561f4171cbf303385bcfe4
animaljamcodes2014.com,AVAILABILITY,domains.list,domains.list,2021-10-02 03:48:42.945629,81561f4171cbf303385bcfe4
anonymouscheaters.com,AVAILABILITY,domains.list,domains.list,2021-10-02 03:48:43.573096,81561f4171cbf303385bcfe4
anonymousf.info,AVAILABILITY,domains.list,domains.list,2021-10-02 03:48:44.015807,81561f4171cbf303385bcfe4
anonymoushack.com,AVAILABILITY,domains.list,domains.list,2021-10-02 03:48:44.293749,81561f4171cbf303385bcfe4
anonyscrip.com,AVAILABILITY,domains.list,domains.list,2021-10-02 03:48:44.527141,81561f4171cbf303385bcfe4
anyhacks.com,AVAILABILITY,domains.list,domains.list,2021-10-02 03:48:45.597534,81561f4171cbf303385bcfe4
ao-mall.com,AVAILABILITY,domains.list,domains.list,2021-10-02 03:48:45.820723,81561f4171cbf303385bcfe4
apcoi.com,AVAILABILITY,domains.list,domains.list,2021-10-02 03:48:46.384116,81561f4171cbf303385bcfe4
apkcake.com,AVAILABILITY,domains.list,domains.list,2021-10-02 03:48:47.060069,81561f4171cbf303385bcfe4
apkdeposit.com,AVAILABILITY,domains.list,domains.list,2021-10-02 03:48:47.454006,81561f4171cbf303385bcfe4
apkhacks.com,AVAILABILITY,domains.list,domains.list,2021-10-02 03:48:47.710583,81561f4171cbf303385bcfe4
apkhackz.com,AVAILABILITY,domains.list,domains.list,2021-10-02 03:48:47.939917,81561f4171cbf303385bcfe4
apkpros.com,AVAILABILITY,domains.list,domains.list,2021-10-02 03:48:48.501554,81561f4171cbf303385bcfe4
apkspy.info,AVAILABILITY,domains.list,domains.list,2021-10-02 03:48:48.733833,81561f4171cbf303385bcfe4
apktablets.com,AVAILABILITY,domains.list,domains.list,2021-10-02 03:48:48.998778,81561f4171cbf303385bcfe4
apkusa.com,AVAILABILITY,domains.list,domains.list,2021-10-02 03:48:49.279207,81561f4171cbf303385bcfe4
apollo-us.com,AVAILABILITY,domains.list,domains.list,2021-10-02 03:48:49.511326,81561f4171cbf303385bcfe4
app-cheats.net,AVAILABILITY,domains.list,domains.list,2021-10-02 03:48:49.733452,81561f4171cbf303385bcfe4
app-hack.com,AVAILABILITY,domains.list,domains.list,2021-10-02 03:48:49.955476,81561f4171cbf303385bcfe4
appannie.club,AVAILABILITY,domains.list,domains.list,2021-10-02 03:48:50.359594,81561f4171cbf303385bcfe4
apphack.online,AVAILABILITY,domains.list,domains.list,2021-10-02 03:48:51.339003,81561f4171cbf303385bcfe4
apphackz.com,AVAILABILITY,domains.list,domains.list,2021-10-02 03:48:51.633472,81561f4171cbf303385bcfe4
apple--iphone5.com,AVAILABILITY,domains.list,domains.list,2021-10-02 03:48:51.985745,81561f4171cbf303385bcfe4
applefreehacks.com,AVAILABILITY,domains.list,domains.list,2021-10-02 03:48:53.250811,81561f4171cbf303385bcfe4
applesupport.club,AVAILABILITY,domains.list,domains.list,2021-10-02 03:48:54.044676,81561f4171cbf303385bcfe4
applicationgrabb.net,AVAILABILITY,domains.list,domains.list,2021-10-02 03:48:54.441076,81561f4171cbf303385bcfe4
appmyass.com,AVAILABILITY,domains.list,domains.list,2021-10-02 03:48:54.848326,81561f4171cbf303385bcfe4
appscracker.com,AVAILABILITY,domains.list,domains.list,2021-10-02 03:48:55.378407,81561f4171cbf303385bcfe4
appsdroid.org,AVAILABILITY,domains.list,domains.list,2021-10-02 03:48:55.629780,81561f4171cbf303385bcfe4
appsgamecheats.com,AVAILABILITY,domains.list,domains.list,2021-10-02 03:48:55.952337,81561f4171cbf303385bcfe4
appzoneteam.com,AVAILABILITY,domains.list,domains.list,2021-10-02 03:48:56.308276,81561f4171cbf303385bcfe4
areyouabot.net,AVAILABILITY,domains.list,domains.list,2021-10-02 03:48:56.805643,81561f4171cbf303385bcfe4
areyouahuman.co,AVAILABILITY,domains.list,domains.list,2021-10-02 03:48:57.131986,81561f4171cbf303385bcfe4
argonfiles.com,AVAILABILITY,domains.list,domains.list,2021-10-02 03:48:57.356948,81561f4171cbf303385bcfe4
argosvoucher.net,AVAILABILITY,domains.list,domains.list,2021-10-02 03:48:57.770763,81561f4171cbf303385bcfe4
armhack.com,AVAILABILITY,domains.list,domains.list,2021-10-02 03:48:58.162021,81561f4171cbf303385bcfe4
armorhack.com,AVAILABILITY,domains.list,domains.list,2021-10-02 03:48:58.423265,81561f4171cbf303385bcfe4
aromedtransport.sharezips.info,AVAILABILITY,domains.list,domains.list,2021-10-02 03:48:58.938644,81561f4171cbf303385bcfe4
aromedtransport.sharezips.net,AVAILABILITY,domains.list,domains.list,2021-10-02 03:48:59.301818,81561f4171cbf303385bcfe4
arroapp.com,AVAILABILITY,domains.list,domains.list,2021-10-02 03:48:59.673483,81561f4171cbf303385bcfe4
asgard.sharezips.info,AVAILABILITY,domains.list,domains.list,2021-10-02 03:49:00.599915,81561f4171cbf303385bcfe4
asgarddlc.sharezips.net,AVAILABILITY,domains.list,domains.list,2021-10-02 03:49:01.328007,81561f4171cbf303385bcfe4
askfinder.org,AVAILABILITY,domains.list,domains.list,2021-10-02 03:49:01.766103,81561f4171cbf303385bcfe4
askfmtracker.info,AVAILABILITY,domains.list,domains.list,2021-10-02 03:49:22.244514,81561f4171cbf303385bcfe4
asphalt8.hackfree.us,AVAILABILITY,domains.list,domains.list,2021-10-02 03:49:22.710453,81561f4171cbf303385bcfe4
asphalt8airborne.hackscheats.org,AVAILABILITY,domains.list,domains.list,2021-10-02 03:49:23.170435,81561f4171cbf303385bcfe4
asphalt8airbornehack.com,AVAILABILITY,domains.list,domains.list,2021-10-02 03:49:23.481392,81561f4171cbf303385bcfe4
asphalt8hack.com,AVAILABILITY,domains.list,domains.list,2021-10-02 03:49:23.848905,81561f4171cbf303385bcfe4
astrocash.org,AVAILABILITY,domains.list,domains.list,2021-10-02 03:49:24.682316,81561f4171cbf303385bcfe4
astrohacks.com,AVAILABILITY,domains.list,domains.list,2021-10-02 03:49:24.961196,81561f4171cbf303385bcfe4
astuce-triche-cheat.com,AVAILABILITY,domains.list,domains.list,2021-10-02 03:49:25.193673,81561f4171cbf303385bcfe4
atomic.sharezips.info,AVAILABILITY,domains.list,domains.list,2021-10-02 03:49:26.118416,81561f4171cbf303385bcfe4
atomicwallet.pro,AVAILABILITY,domains.list,domains.list,2021-10-02 03:49:26.532430,81561f4171cbf303385bcfe4
atomicwallet.ws,AVAILABILITY,domains.list,domains.list,2021-10-02 03:49:26.975009,81561f4171cbf303385bcfe4
atomicwalletweb.com,AVAILABILITY,domains.list,domains.list,2021-10-02 03:49:27.211895,81561f4171cbf303385bcfe4
atshop.io,AVAILABILITY,domains.list,domains.list,2021-10-02 03:49:27.465118,81561f4171cbf303385bcfe4
autolikefb.net,AVAILABILITY,domains.list,domains.list,2021-10-02 03:49:28.515735,81561f4171cbf303385bcfe4
avantcase.com,AVAILABILITY,domains.list,domains.list,2021-10-02 03:49:28.771971,81561f4171cbf303385bcfe4
awodaya.ru,AVAILABILITY,domains.list,domains.list,2021-10-02 03:49:30.011132,81561f4171cbf303385bcfe4
azcodegenerator.com,AVAILABILITY,domains.list,domains.list,2021-10-02 03:49:30.763262,81561f4171cbf303385bcfe4
azhacks.com,AVAILABILITY,domains.list,domains.list,2021-10-02 03:49:31.332003,81561f4171cbf303385bcfe4
b00kmedia.ru,AVAILABILITY,domains.list,domains.list,2021-10-02 03:49:32.330098,81561f4171cbf303385bcfe4
b7ax3cyzhq.com,AVAILABILITY,domains.list,domains.list,2021-10-02 03:49:32.945325,81561f4171cbf303385bcfe4
babyxox.com,AVAILABILITY,domains.list,domains.list,2021-10-02 03:49:33.405864,81561f4171cbf303385bcfe4
bacani.info,AVAILABILITY,domains.list,domains.list,2021-10-02 03:49:33.678790,81561f4171cbf303385bcfe4
backupthefile.com,AVAILABILITY,domains.list,domains.list,2021-10-02 03:49:34.102395,81561f4171cbf303385bcfe4
badadownload.com,AVAILABILITY,domains.list,domains.list,2021-10-02 03:49:34.358769,81561f4171cbf303385bcfe4
badahub.com,AVAILABILITY,domains.list,domains.list,2021-10-02 03:49:37.209100,81561f4171cbf303385bcfe4
bagusholidays.com,AVAILABILITY,domains.list,domains.list,2021-10-02 03:49:37.566153,81561f4171cbf303385bcfe4
bahoci.ru,AVAILABILITY,domains.list,domains.list,2021-10-02 03:49:37.907750,81561f4171cbf303385bcfe4
bandbuzzer.com,AVAILABILITY,domains.list,domains.list,2021-10-02 03:49:38.575731,81561f4171cbf303385bcfe4
bandithacks.com,AVAILABILITY,domains.list,domains.list,2021-10-02 03:49:39.329943,81561f4171cbf303385bcfe4
baraga.ru,AVAILABILITY,domains.list,domains.list,2021-10-02 03:49:40.390378,81561f4171cbf303385bcfe4
baronskins.com,AVAILABILITY,domains.list,domains.list,2021-10-02 03:49:40.630482,81561f4171cbf303385bcfe4
basdong.com,AVAILABILITY,domains.list,domains.list,2021-10-02 03:49:40.876216,81561f4171cbf303385bcfe4
baseballheroes.haxdo.com,AVAILABILITY,domains.list,domains.list,2021-10-02 03:49:42.314581,81561f4171cbf303385bcfe4
baseofhacks.com,AVAILABILITY,domains.list,domains.list,2021-10-02 03:49:42.601061,81561f4171cbf303385bcfe4
batmanarkhamorigins.sharezips.info,AVAILABILITY,domains.list,domains.list,2021-10-02 03:49:43.154867,81561f4171cbf303385bcfe4
batmanarkhamorigins.sharezips.net,AVAILABILITY,domains.list,domains.list,2021-10-02 03:49:43.938548,81561f4171cbf303385bcfe4
battle-mix.com,AVAILABILITY,domains.list,domains.list,2021-10-02 03:49:44.698391,81561f4171cbf303385bcfe4
battlefield4.sharezips.net,AVAILABILITY,domains.list,domains.list,2021-10-02 03:49:45.737932,81561f4171cbf303385bcfe4
battlefield4download.com,AVAILABILITY,domains.list,domains.list,2021-10-02 03:49:46.132378,81561f4171cbf303385bcfe4
battlefield4premium.sharezips.net,AVAILABILITY,domains.list,domains.list,2021-10-02 03:49:46.990647,81561f4171cbf303385bcfe4
battlefield4premiumpass.sharezips.info,AVAILABILITY,domains.list,domains.list,2021-10-02 03:49:47.592725,81561f4171cbf303385bcfe4
battlefield4secondassaultdlc.goblogz.net,AVAILABILITY,domains.list,domains.list,2021-10-02 03:49:47.861255,81561f4171cbf303385bcfe4
battlepass.icu,AVAILABILITY,domains.list,domains.list,2021-10-02 03:49:48.497629,81561f4171cbf303385bcfe4
baystrade.com,AVAILABILITY,domains.list,domains.list,2021-10-02 03:49:48.942958,81561f4171cbf303385bcfe4
bchackomania.org,AVAILABILITY,domains.list,domains.list,2021-10-02 03:49:49.952336,81561f4171cbf303385bcfe4
beasthacks.com,AVAILABILITY,domains.list,domains.list,2021-10-02 03:49:50.376800,81561f4171cbf303385bcfe4
beemtrade.com,AVAILABILITY,domains.list,domains.list,2021-10-02 03:49:50.764567,81561f4171cbf303385bcfe4
begeti.ru,AVAILABILITY,domains.list,domains.list,2021-10-02 03:49:51.138305,81561f4171cbf303385bcfe4
benget.com,AVAILABILITY,domains.list,domains.list,2021-10-02 03:49:52.494706,81561f4171cbf303385bcfe4
benuhw.ru,AVAILABILITY,domains.list,domains.list,2021-10-02 03:49:52.853567,81561f4171cbf303385bcfe4
bepoc.ru,AVAILABILITY,domains.list,domains.list,2021-10-02 03:49:53.232281,81561f4171cbf303385bcfe4
beprogamer.com,AVAILABILITY,domains.list,domains.list,2021-10-02 03:49:53.502291,81561f4171cbf303385bcfe4
besidehacks.com,AVAILABILITY,domains.list,domains.list,2021-10-02 03:49:54.365560,81561f4171cbf303385bcfe4
best-hacks.net,AVAILABILITY,domains.list,domains.list,2021-10-02 03:49:55.252502,81561f4171cbf303385bcfe4
best-skins.com,AVAILABILITY,domains.list,domains.list,2021-10-02 03:49:55.474195,81561f4171cbf303385bcfe4
bestappsforpc.com,AVAILABILITY,domains.list,domains.list,2021-10-02 03:49:56.899997,81561f4171cbf303385bcfe4
bestcounterfeitmoney.com,AVAILABILITY,domains.list,domains.list,2021-10-02 03:49:57.539616,81561f4171cbf303385bcfe4
bestdatastore.com,AVAILABILITY,domains.list,domains.list,2021-10-02 03:49:58.037754,81561f4171cbf303385bcfe4
bestfile.net76.net,AVAILABILITY,domains.list,domains.list,2021-10-02 03:49:59.037064,81561f4171cbf303385bcfe4
bestfiles.org,AVAILABILITY,domains.list,domains.list,2021-10-02 03:49:59.947528,81561f4171cbf303385bcfe4
bestfreecodes.com,AVAILABILITY,domains.list,domains.list,2021-10-02 03:50:00.318243,81561f4171cbf303385bcfe4
bestfreehacks.com,AVAILABILITY,domains.list,domains.list,2021-10-02 03:50:00.558335,81561f4171cbf303385bcfe4
bestfreehacktools.com,AVAILABILITY,domains.list,domains.list,2021-10-02 03:50:00.809573,81561f4171cbf303385bcfe4
bestgamesfiles.com,AVAILABILITY,domains.list,domains.list,2021-10-02 03:50:01.247132,81561f4171cbf303385bcfe4
bestgameshack.info,AVAILABILITY,domains.list,domains.list,2021-10-02 03:50:01.588778,81561f4171cbf303385bcfe4
bestgametools.com,AVAILABILITY,domains.list,domains.list,2021-10-02 03:50:03.972303,81561f4171cbf303385bcfe4
besthackingsoftwares.com,AVAILABILITY,domains.list,domains.list,2021-10-02 03:50:04.725113,81561f4171cbf303385bcfe4
besthacks.info,AVAILABILITY,domains.list,domains.list,2021-10-02 03:50:05.035179,81561f4171cbf303385bcfe4
besthacks.net,AVAILABILITY,domains.list,domains.list,2021-10-02 03:50:05.262169,81561f4171cbf303385bcfe4
besthacks4u.com,AVAILABILITY,domains.list,domains.list,2021-10-02 03:50:05.780901,81561f4171cbf303385bcfe4
besthacksdll.com,AVAILABILITY,domains.list,domains.list,2021-10-02 03:50:06.139461,81561f4171cbf303385bcfe4
bestones.net,AVAILABILITY,domains.list,domains.list,2021-10-02 03:50:06.774455,81561f4171cbf303385bcfe4
bestonlinegamecheats.net,AVAILABILITY,domains.list,domains.list,2021-10-02 03:50:07.456797,81561f4171cbf303385bcfe4
bestorican.com,AVAILABILITY,domains.list,domains.list,2021-10-02 03:50:07.932381,81561f4171cbf303385bcfe4
bestphonehacks.com,AVAILABILITY,domains.list,domains.list,2021-10-02 03:50:08.162596,81561f4171cbf303385bcfe4
bestqualitynotes.com,AVAILABILITY,domains.list,domains.list,2021-10-02 03:50:08.451524,81561f4171cbf303385bcfe4
bestsupertech.com,AVAILABILITY,domains.list,domains.list,2021-10-02 03:50:29.120681,81561f4171cbf303385bcfe4
bestwarezone.com,AVAILABILITY,domains.list,domains.list,2021-10-02 03:50:29.757979,81561f4171cbf303385bcfe4
beta-elderscrollsonline.com-host.info,AVAILABILITY,domains.list,domains.list,2021-10-02 03:50:30.256944,81561f4171cbf303385bcfe4
beta-gamers.com,AVAILABILITY,domains.list,domains.list,2021-10-02 03:50:30.498319,81561f4171cbf303385bcfe4
betack.com,AVAILABILITY,domains.list,domains.list,2021-10-02 03:50:31.167145,81561f4171cbf303385bcfe4
betagiveaway.com,AVAILABILITY,domains.list,domains.list,2021-10-02 03:50:31.673194,81561f4171cbf303385bcfe4
betakey-giveaway.com,AVAILABILITY,domains.list,domains.list,2021-10-02 03:50:31.908590,81561f4171cbf303385bcfe4
betawi.pashuber.net,AVAILABILITY,domains.list,domains.list,2021-10-02 03:50:32.693964,81561f4171cbf303385bcfe4
betskin.pro,AVAILABILITY,domains.list,domains.list,2021-10-02 03:50:33.544260,81561f4171cbf303385bcfe4
bevob.ru,AVAILABILITY,domains.list,domains.list,2021-10-02 03:50:34.747146,81561f4171cbf303385bcfe4
bf3aimbot.filesforgames.com,AVAILABILITY,domains.list,domains.list,2021-10-02 03:50:38.560718,81561f4171cbf303385bcfe4
bf3h.com,AVAILABILITY,domains.list,domains.list,2021-10-02 03:50:38.800253,81561f4171cbf303385bcfe4
bf4.sharezips.info,AVAILABILITY,domains.list,domains.list,2021-10-02 03:50:39.272018,81561f4171cbf303385bcfe4
bf4chinarising.dlcodes.com,AVAILABILITY,domains.list,domains.list,2021-10-02 03:50:39.871020,81561f4171cbf303385bcfe4
bf4codes.dlcodes.com,AVAILABILITY,domains.list,domains.list,2021-10-02 03:50:40.807944,81561f4171cbf303385bcfe4
bf4dlc.sharezips.info,AVAILABILITY,domains.list,domains.list,2021-10-02 03:50:41.298567,81561f4171cbf303385bcfe4
bf4secondassault.dlcodes.com,AVAILABILITY,domains.list,domains.list,2021-10-02 03:50:42.719602,81561f4171cbf303385bcfe4
bigbinnd.info,AVAILABILITY,domains.list,domains.list,2021-10-02 03:50:43.489054,81561f4171cbf303385bcfe4
bigsoccerwinhack.gethackz.com,AVAILABILITY,domains.list,domains.list,2021-10-02 03:50:44.885480,81561f4171cbf303385bcfe4
bingoblitzcheats.com,AVAILABILITY,domains.list,domains.list,2021-10-02 03:50:45.789720,81561f4171cbf303385bcfe4
bioshockinfinite.sharezips.info,AVAILABILITY,domains.list,domains.list,2021-10-02 03:50:46.370778,81561f4171cbf303385bcfe4
bisikletgonulbirligi.com,AVAILABILITY,domains.list,domains.list,2021-10-02 03:50:46.780804,81561f4171cbf303385bcfe4
bitcoin-adder.com,AVAILABILITY,domains.list,domains.list,2021-10-02 03:50:47.144014,81561f4171cbf303385bcfe4
bitcoin-generator.net,AVAILABILITY,domains.list,domains.list,2021-10-02 03:50:47.368473,81561f4171cbf303385bcfe4
bitcoin-rv.com,AVAILABILITY,domains.list,domains.list,2021-10-02 03:50:47.727489,81561f4171cbf303385bcfe4
bitcoingenerator.org,AVAILABILITY,domains.list,domains.list,2021-10-02 03:50:48.059254,81561f4171cbf303385bcfe4
bitcoinsfree.org,AVAILABILITY,domains.list,domains.list,2021-10-02 03:50:48.844043,81561f4171cbf303385bcfe4
bitcoinsv-genesis.com,AVAILABILITY,domains.list,domains.list,2021-10-02 03:50:49.203143,81561f4171cbf303385bcfe4
bitcoinxadder.com,AVAILABILITY,domains.list,domains.list,2021-10-02 03:50:49.464526,81561f4171cbf303385bcfe4
bitdefenderlicense.com,AVAILABILITY,domains.list,domains.list,2021-10-02 03:50:49.737212,81561f4171cbf303385bcfe4
bitdrop.top,AVAILABILITY,domains.list,domains.list,2021-10-02 03:50:50.270616,81561f4171cbf303385bcfe4
bitdskins.com,AVAILABILITY,domains.list,domains.list,2021-10-02 03:50:50.527226,81561f4171cbf303385bcfe4
bitfiles.net,AVAILABILITY,domains.list,domains.list,2021-10-02 03:50:50.759600,81561f4171cbf303385bcfe4
bitsc.io,AVAILABILITY,domains.list,domains.list,2021-10-02 03:50:51.128658,81561f4171cbf303385bcfe4
bitsckins.com,AVAILABILITY,domains.list,domains.list,2021-10-02 03:50:51.389437,81561f4171cbf303385bcfe4
bitskcin.com,AVAILABILITY,domains.list,domains.list,2021-10-02 03:50:51.623150,81561f4171cbf303385bcfe4
biziux.ru,AVAILABILITY,domains.list,domains.list,2021-10-02 03:50:52.368656,81561f4171cbf303385bcfe4
bksfr.com,AVAILABILITY,domains.list,domains.list,2021-10-02 03:50:52.637320,81561f4171cbf303385bcfe4
black.sharezips.info,AVAILABILITY,domains.list,domains.list,2021-10-02 03:50:53.070575,81561f4171cbf303385bcfe4
blackflag.sharezips.info,AVAILABILITY,domains.list,domains.list,2021-10-02 03:50:53.370875,81561f4171cbf303385bcfe4
blackflag.sharezips.net,AVAILABILITY,domains.list,domains.list,2021-10-02 03:50:54.016922,81561f4171cbf303385bcfe4
blackgameworld.com,AVAILABILITY,domains.list,domains.list,2021-10-02 03:51:02.262948,81561f4171cbf303385bcfe4
blackgamezone.com,AVAILABILITY,domains.list,domains.list,2021-10-02 03:51:02.697286,81561f4171cbf303385bcfe4
blackislandpack.sharezips.info,AVAILABILITY,domains.list,domains.list,2021-10-02 03:51:03.525138,81561f4171cbf303385bcfe4
blackislandpack.sharezips.net,AVAILABILITY,domains.list,domains.list,2021-10-02 03:51:09.209810,81561f4171cbf303385bcfe4
blackmaskchallengemapdlc.sharezips.net,AVAILABILITY,domains.list,domains.list,2021-10-02 03:51:09.738604,81561f4171cbf303385bcfe4
blackops2.filesforgames.com,AVAILABILITY,domains.list,domains.list,2021-10-02 03:51:16.084874,81561f4171cbf303385bcfe4
blackops2.livehacksource.com,AVAILABILITY,domains.list,domains.list,2021-10-02 03:51:16.402918,81561f4171cbf303385bcfe4
blackops2.newzgames.com,AVAILABILITY,domains.list,domains.list,2021-10-02 03:51:16.982961,81561f4171cbf303385bcfe4
blackops2aimbot.filesforgames.com,AVAILABILITY,domains.list,domains.list,2021-10-02 03:51:18.533155,81561f4171cbf303385bcfe4
blackops2godmode.filesforgames.com,AVAILABILITY,domains.list,domains.list,2021-10-02 03:51:22.175923,81561f4171cbf303385bcfe4
blackops2hacked.com,AVAILABILITY,domains.list,domains.list,2021-10-02 03:51:22.557756,81561f4171cbf303385bcfe4
blackops2vengeance.sharezips.info,AVAILABILITY,domains.list,domains.list,2021-10-02 03:51:23.128693,81561f4171cbf303385bcfe4
blackops2wallhack.filesforgames.com,AVAILABILITY,domains.list,domains.list,2021-10-02 03:51:28.009379,81561f4171cbf303385bcfe4
blackshot-hacks.com,AVAILABILITY,domains.list,domains.list,2021-10-02 03:51:28.380306,81561f4171cbf303385bcfe4
blacksoftworld.com,AVAILABILITY,domains.list,domains.list,2021-10-02 03:51:28.718342,81561f4171cbf303385bcfe4
blazingskins.com,AVAILABILITY,domains.list,domains.list,2021-10-02 03:51:29.241472,81561f4171cbf303385bcfe4
blingfiles.com,AVAILABILITY,domains.list,domains.list,2021-10-02 03:51:30.321530,81561f4171cbf303385bcfe4
blobspot.com,AVAILABILITY,domains.list,domains.list,2021-10-02 03:51:30.763601,81561f4171cbf303385bcfe4
blog-hack.com,AVAILABILITY,domains.list,domains.list,2021-10-02 03:51:31.188345,81561f4171cbf303385bcfe4
blog-pirater.com,AVAILABILITY,domains.list,domains.list,2021-10-02 03:51:31.414458,81561f4171cbf303385bcfe4
blog-uk.com,AVAILABILITY,domains.list,domains.list,2021-10-02 03:51:31.644576,81561f4171cbf303385bcfe4
bloglock.net,AVAILABILITY,domains.list,domains.list,2021-10-02 03:51:31.935770,81561f4171cbf303385bcfe4
blogsopt.com,AVAILABILITY,domains.list,domains.list,2021-10-02 03:51:32.251542,81561f4171cbf303385bcfe4
blow20.newsregular.com,AVAILABILITY,domains.list,domains.list,2021-10-02 03:51:32.726295,81561f4171cbf303385bcfe4
bluetick.online,AVAILABILITY,domains.list,domains.list,2021-10-02 03:51:33.217945,81561f4171cbf303385bcfe4
bo2-hack.com,AVAILABILITY,domains.list,domains.list,2021-10-02 03:51:33.707349,81561f4171cbf303385bcfe4
bo2seasonpass.com,AVAILABILITY,domains.list,domains.list,2021-10-02 03:51:34.125584,81561f4171cbf303385bcfe4
boardsky.com,AVAILABILITY,domains.list,domains.list,2021-10-02 03:51:34.497272,81561f4171cbf303385bcfe4
bobjobe.ru,AVAILABILITY,domains.list,domains.list,2021-10-02 03:51:34.733654,81561f4171cbf303385bcfe4
bolgspot.com,AVAILABILITY,domains.list,domains.list,2021-10-02 03:51:35.440637,81561f4171cbf303385bcfe4
boltfiles.com,AVAILABILITY,domains.list,domains.list,2021-10-02 03:51:35.747965,81561f4171cbf303385bcfe4
bombalts.com,AVAILABILITY,domains.list,domains.list,2021-10-02 03:51:36.703678,81561f4171cbf303385bcfe4
bombhack.com,AVAILABILITY,domains.list,domains.list,2021-10-02 03:51:37.244273,81561f4171cbf303385bcfe4
bonxmedia.com,AVAILABILITY,domains.list,domains.list,2021-10-02 03:51:37.751371,81561f4171cbf303385bcfe4
bonypin.com,AVAILABILITY,domains.list,domains.list,2021-10-02 03:51:37.992080,81561f4171cbf303385bcfe4
book4hacktools.com,AVAILABILITY,domains.list,domains.list,2021-10-02 03:51:38.337833,81561f4171cbf303385bcfe4
bookhacks.com,AVAILABILITY,domains.list,domains.list,2021-10-02 03:51:40.121780,81561f4171cbf303385bcfe4
boom-drop.net,AVAILABILITY,domains.list,domains.list,2021-10-02 03:51:40.355047,81561f4171cbf303385bcfe4
boombeachhack.epickeys.com,AVAILABILITY,domains.list,domains.list,2021-10-02 03:51:41.112548,81561f4171cbf303385bcfe4
boombeachhack.org,AVAILABILITY,domains.list,domains.list,2021-10-02 03:51:41.557759,81561f4171cbf303385bcfe4
boombeachhackguide.com,AVAILABILITY,domains.list,domains.list,2021-10-02 03:52:02.121318,81561f4171cbf303385bcfe4
boombeachhacks.com,AVAILABILITY,domains.list,domains.list,2021-10-02 03:52:02.523556,81561f4171cbf303385bcfe4
boombeachhacks.net,AVAILABILITY,domains.list,domains.list,2021-10-02 03:52:03.038519,81561f4171cbf303385bcfe4
boomcash.org,AVAILABILITY,domains.list,domains.list,2021-10-02 03:52:03.825232,81561f4171cbf303385bcfe4
booprice.com,AVAILABILITY,domains.list,domains.list,2021-10-02 03:52:19.070599,81561f4171cbf303385bcfe4
booshare.net,AVAILABILITY,domains.list,domains.list,2021-10-02 03:52:19.602399,81561f4171cbf303385bcfe4
boost-my-game.com,AVAILABILITY,domains.list,domains.list,2021-10-02 03:52:19.828851,81561f4171cbf303385bcfe4
booter.pw,AVAILABILITY,domains.list,domains.list,2021-10-02 03:52:20.467932,81561f4171cbf303385bcfe4
booter.xyz,AVAILABILITY,domains.list,domains.list,2021-10-02 03:52:20.697170,81561f4171cbf303385bcfe4
bootme.club,AVAILABILITY,domains.list,domains.list,2021-10-02 03:52:21.011272,81561f4171cbf303385bcfe4
botmafia.com,AVAILABILITY,domains.list,domains.list,2021-10-02 03:52:21.395512,81561f4171cbf303385bcfe4
botnetdownload.com,AVAILABILITY,domains.list,domains.list,2021-10-02 03:52:22.364629,81561f4171cbf303385bcfe4
bountywin.com,AVAILABILITY,domains.list,domains.list,2021-10-02 03:52:23.015955,81561f4171cbf303385bcfe4
bowaq.ru,AVAILABILITY,domains.list,domains.list,2021-10-02 03:52:23.342273,81561f4171cbf303385bcfe4
boxhillpaper.com,AVAILABILITY,domains.list,domains.list,2021-10-02 03:52:23.649924,81561f4171cbf303385bcfe4
boxinghd.net,AVAILABILITY,domains.list,domains.list,2021-10-02 03:52:23.878618,81561f4171cbf303385bcfe4
bravefrontiercheats.com,AVAILABILITY,domains.list,domains.list,2021-10-02 03:52:24.459620,81561f4171cbf303385bcfe4
breakgame.org,AVAILABILITY,domains.list,domains.list,2021-10-02 03:52:25.166815,81561f4171cbf303385bcfe4
breakingleaks.com,AVAILABILITY,domains.list,domains.list,2021-10-02 03:52:25.439358,81561f4171cbf303385bcfe4
bretaverett.com,AVAILABILITY,domains.list,domains.list,2021-10-02 03:52:25.942787,81561f4171cbf303385bcfe4
brokdrop.com,AVAILABILITY,domains.list,domains.list,2021-10-02 03:52:26.453562,81561f4171cbf303385bcfe4
brokeneagledlc.goblogz.net,AVAILABILITY,domains.list,domains.list,2021-10-02 03:52:27.011503,81561f4171cbf303385bcfe4
brokeneagledlc.sharezips.info,AVAILABILITY,domains.list,domains.list,2021-10-02 03:52:27.351172,81561f4171cbf303385bcfe4
btcgen.info,AVAILABILITY,domains.list,domains.list,2021-10-02 03:52:28.284738,81561f4171cbf303385bcfe4
btcxadder.com,AVAILABILITY,domains.list,domains.list,2021-10-02 03:52:28.553364,81561f4171cbf303385bcfe4
btt-ceo.com,AVAILABILITY,domains.list,domains.list,2021-10-02 03:52:28.930287,81561f4171cbf303385bcfe4
buddyhacker.com,AVAILABILITY,domains.list,domains.list,2021-10-02 03:52:29.374373,81561f4171cbf303385bcfe4
budgetwizard.io,AVAILABILITY,domains.list,domains.list,2021-10-02 03:52:29.605125,81561f4171cbf303385bcfe4
bukul.ru,AVAILABILITY,domains.list,domains.list,2021-10-02 03:52:30.122180,81561f4171cbf303385bcfe4
bulleprivee.com,AVAILABILITY,domains.list,domains.list,2021-10-02 03:52:30.492740,81561f4171cbf303385bcfe4
bulletflix.com,AVAILABILITY,domains.list,domains.list,2021-10-02 03:52:30.757005,81561f4171cbf303385bcfe4
bullstresser.net,AVAILABILITY,domains.list,domains.list,2021-10-02 03:52:31.217610,81561f4171cbf303385bcfe4
bumpgaming.net,AVAILABILITY,domains.list,domains.list,2021-10-02 03:52:31.486452,81561f4171cbf303385bcfe4
burnshare.net,AVAILABILITY,domains.list,domains.list,2021-10-02 03:52:31.816911,81561f4171cbf303385bcfe4
burstskins.com,AVAILABILITY,domains.list,domains.list,2021-10-02 03:52:53.328176,81561f4171cbf303385bcfe4
bustabite.com,AVAILABILITY,domains.list,domains.list,2021-10-02 03:52:53.759270,81561f4171cbf303385bcfe4
buteringift.com,AVAILABILITY,domains.list,domains.list,2021-10-02 03:52:54.981072,81561f4171cbf303385bcfe4
butubi.ru,AVAILABILITY,domains.list,domains.list,2021-10-02 03:52:55.222021,81561f4171cbf303385bcfe4
buycounterfeitmoneynow.com,AVAILABILITY,domains.list,domains.list,2021-10-02 03:52:55.474735,81561f4171cbf303385bcfe4
buydocumentation.com,AVAILABILITY,domains.list,domains.list,2021-10-02 03:52:56.782977,81561f4171cbf303385bcfe4
buyhighqualitycounterfeit.online,AVAILABILITY,domains.list,domains.list,2021-10-02 03:52:57.730296,81561f4171cbf303385bcfe4
buymoneybills.com,AVAILABILITY,domains.list,domains.list,2021-10-02 03:52:58.031556,81561f4171cbf303385bcfe4
bypassios7activationlock.com,AVAILABILITY,domains.list,domains.list,2021-10-02 03:52:58.501226,81561f4171cbf303385bcfe4
bypassonlinesurveys.com,AVAILABILITY,domains.list,domains.list,2021-10-02 03:52:58.791653,81561f4171cbf303385bcfe4
bypassremovesurveys.com,AVAILABILITY,domains.list,domains.list,2021-10-02 03:52:59.060359,81561f4171cbf303385bcfe4
c2bit.mu,AVAILABILITY,domains.list,domains.list,2021-10-02 03:53:00.942294,81561f4171cbf303385bcfe4
c5gamec.com,AVAILABILITY,domains.list,domains.list,2021-10-02 03:53:01.202947,81561f4171cbf303385bcfe4
cadeaux-psn.com,AVAILABILITY,domains.list,domains.list,2021-10-02 03:53:01.702924,81561f4171cbf303385bcfe4
calhacks.org,AVAILABILITY,domains.list,domains.list,2021-10-02 03:53:02.548072,81561f4171cbf303385bcfe4
callofduty-beta.com,AVAILABILITY,domains.list,domains.list,2021-10-02 03:53:02.908844,81561f4171cbf303385bcfe4
callofduty.freegiveaway.us,AVAILABILITY,domains.list,domains.list,2021-10-02 03:53:03.528606,81561f4171cbf303385bcfe4
callofdutyghostsprestigehack.social-cheats.com,AVAILABILITY,domains.list,domains.list,2021-10-02 03:53:04.491791,81561f4171cbf303385bcfe4
camerarollspy.com,AVAILABILITY,domains.list,domains.list,2021-10-02 03:53:05.294646,81561f4171cbf303385bcfe4
canadianmedstores.org,AVAILABILITY,domains.list,domains.list,2021-10-02 03:53:06.974398,81561f4171cbf303385bcfe4
candy-crush.newzgames.com,AVAILABILITY,domains.list,domains.list,2021-10-02 03:53:07.258244,81561f4171cbf303385bcfe4
candycrush.newzgames.com,AVAILABILITY,domains.list,domains.list,2021-10-02 03:53:07.766400,81561f4171cbf303385bcfe4
candycrushcheat.com,AVAILABILITY,domains.list,domains.list,2021-10-02 03:53:08.157559,81561f4171cbf303385bcfe4
candycrushcheatzone.com,AVAILABILITY,domains.list,domains.list,2021-10-02 03:53:08.670292,81561f4171cbf303385bcfe4
candycrushsagacheats.com-promotions.us,AVAILABILITY,domains.list,domains.list,2021-10-02 03:53:08.908014,81561f4171cbf303385bcfe4
candycrushsagacheats.org,AVAILABILITY,domains.list,domains.list,2021-10-02 03:53:09.280286,81561f4171cbf303385bcfe4
candycrushsagahack.com,AVAILABILITY,domains.list,domains.list,2021-10-02 03:53:12.652233,81561f4171cbf303385bcfe4
carboneas.com,AVAILABILITY,domains.list,domains.list,2021-10-02 03:53:13.317182,81561f4171cbf303385bcfe4
cardcodes.net,AVAILABILITY,domains.list,domains.list,2021-10-02 03:53:13.609039,81561f4171cbf303385bcfe4
carderprofit.ws,AVAILABILITY,domains.list,domains.list,2021-10-02 03:53:14.558930,81561f4171cbf303385bcfe4
carderx.com,AVAILABILITY,domains.list,domains.list,2021-10-02 03:53:14.808300,81561f4171cbf303385bcfe4
cardingforum.su,AVAILABILITY,domains.list,domains.list,2021-10-02 03:53:15.794316,81561f4171cbf303385bcfe4
cardsfree.net,AVAILABILITY,domains.list,domains.list,2021-10-02 03:53:16.171376,81561f4171cbf303385bcfe4
case-csgo.com,AVAILABILITY,domains.list,domains.list,2021-10-02 03:53:16.680782,81561f4171cbf303385bcfe4
cases-win.fun,AVAILABILITY,domains.list,domains.list,2021-10-02 03:53:17.865241,81561f4171cbf303385bcfe4
cases500.com,AVAILABILITY,domains.list,domains.list,2021-10-02 03:53:18.377140,81561f4171cbf303385bcfe4
cases8csgo.com,AVAILABILITY,domains.list,domains.list,2021-10-02 03:53:18.625085,81561f4171cbf303385bcfe4
cash2share.us,AVAILABILITY,domains.list,domains.list,2021-10-02 03:53:20.141638,81561f4171cbf303385bcfe4
cashbuzz.org,AVAILABILITY,domains.list,domains.list,2021-10-02 03:53:20.565415,81561f4171cbf303385bcfe4
cashfile.org,AVAILABILITY,domains.list,domains.list,2021-10-02 03:53:24.748810,81561f4171cbf303385bcfe4
cashfly.com,AVAILABILITY,domains.list,domains.list,2021-10-02 03:53:45.184779,81561f4171cbf303385bcfe4
cashu.biz,AVAILABILITY,domains.list,domains.list,2021-10-02 03:53:45.560542,81561f4171cbf303385bcfe4
castleclashhack.leakbay.net,AVAILABILITY,domains.list,domains.list,2021-10-02 03:53:46.009347,81561f4171cbf303385bcfe4
castlecrashers.console2pc.info,AVAILABILITY,domains.list,domains.list,2021-10-02 03:53:46.552232,81561f4171cbf303385bcfe4
catscase.com,AVAILABILITY,domains.list,domains.list,2021-10-02 03:53:47.918440,81561f4171cbf303385bcfe4
cazow.com,AVAILABILITY,domains.list,domains.list,2021-10-02 03:53:48.521868,81561f4171cbf303385bcfe4
cc-shop.su,AVAILABILITY,domains.list,domains.list,2021-10-02 03:53:48.898925,81561f4171cbf303385bcfe4
ce7.org,AVAILABILITY,domains.list,domains.list,2021-10-02 03:53:49.323329,81561f4171cbf303385bcfe4
cecav.ru,AVAILABILITY,domains.list,domains.list,2021-10-02 03:53:49.561635,81561f4171cbf303385bcfe4
ceduday.ru,AVAILABILITY,domains.list,domains.list,2021-10-02 03:53:49.947401,81561f4171cbf303385bcfe4
celebrantsd.pw,AVAILABILITY,domains.list,domains.list,2021-10-02 03:53:50.492772,81561f4171cbf303385bcfe4
celebritiesphone.com,AVAILABILITY,domains.list,domains.list,2021-10-02 03:53:50.882725,81561f4171cbf303385bcfe4
celebrity-cell.com,AVAILABILITY,domains.list,domains.list,2021-10-02 03:53:51.109945,81561f4171cbf303385bcfe4
celebrity-numbers.com,AVAILABILITY,domains.list,domains.list,2021-10-02 03:53:51.346553,81561f4171cbf303385bcfe4
celebrity-phone-numbers.com,AVAILABILITY,domains.list,domains.list,2021-10-02 03:53:51.574741,81561f4171cbf303385bcfe4
celebrityphone.net,AVAILABILITY,domains.list,domains.list,2021-10-02 03:53:53.157127,81561f4171cbf303385bcfe4
celebrityphonehacks.com,AVAILABILITY,domains.list,domains.list,2021-10-02 03:53:53.547875,81561f4171cbf303385bcfe4
celebritywizard.net,AVAILABILITY,domains.list,domains.list,2021-10-02 03:53:53.967627,81561f4171cbf303385bcfe4
center-hack.com,AVAILABILITY,domains.list,domains.list,2021-10-02 03:53:54.333410,81561f4171cbf303385bcfe4
centertrust.xyz,AVAILABILITY,domains.list,domains.list,2021-10-02 03:53:54.728390,81561f4171cbf303385bcfe4
centralsave.com,AVAILABILITY,domains.list,domains.list,2021-10-02 03:53:55.122114,81561f4171cbf303385bcfe4
centuryuniversalssdlaboratory.com,AVAILABILITY,domains.list,domains.list,2021-10-02 03:53:55.788164,81561f4171cbf303385bcfe4
certified-hacks.com,AVAILABILITY,domains.list,domains.list,2021-10-02 03:53:56.018169,81561f4171cbf303385bcfe4
cf2.me,AVAILABILITY,domains.list,domains.list,2021-10-02 03:53:56.778252,81561f4171cbf303385bcfe4
ch3at.com,AVAILABILITY,domains.list,domains.list,2021-10-02 03:53:57.332989,81561f4171cbf303385bcfe4
chackscheats.com,AVAILABILITY,domains.list,domains.list,2021-10-02 03:53:58.220702,81561f4171cbf303385bcfe4
chaoshackss.com,AVAILABILITY,domains.list,domains.list,2021-10-02 03:53:58.455282,81561f4171cbf303385bcfe4
chatandgames.net,AVAILABILITY,domains.list,domains.list,2021-10-02 03:53:58.832365,81561f4171cbf303385bcfe4
chaturbate.epickeys.com,AVAILABILITY,domains.list,domains.list,2021-10-02 03:53:59.627491,81561f4171cbf303385bcfe4
chaturbatetokenhack.org,AVAILABILITY,domains.list,domains.list,2021-10-02 03:53:59.859427,81561f4171cbf303385bcfe4
cheapdumps.org,AVAILABILITY,domains.list,domains.list,2021-10-02 03:54:00.600936,81561f4171cbf303385bcfe4
cheapestgameservers.com,AVAILABILITY,domains.list,domains.list,2021-10-02 03:54:00.840563,81561f4171cbf303385bcfe4
cheat-callofduty.com,AVAILABILITY,domains.list,domains.list,2021-10-02 03:54:01.208243,81561f4171cbf303385bcfe4
cheat4me.com,AVAILABILITY,domains.list,domains.list,2021-10-02 03:54:01.766914,81561f4171cbf303385bcfe4
cheatbee.com,AVAILABILITY,domains.list,domains.list,2021-10-02 03:54:04.998737,81561f4171cbf303385bcfe4
cheatcenter24.com,AVAILABILITY,domains.list,domains.list,2021-10-02 03:54:05.376665,81561f4171cbf303385bcfe4
cheatdesign.com,AVAILABILITY,domains.list,domains.list,2021-10-02 03:54:05.747144,81561f4171cbf303385bcfe4
cheatengineer.com,AVAILABILITY,domains.list,domains.list,2021-10-02 03:54:07.075325,81561f4171cbf303385bcfe4
cheatfile.com,AVAILABILITY,domains.list,domains.list,2021-10-02 03:54:07.583132,81561f4171cbf303385bcfe4
cheatfiles.org,AVAILABILITY,domains.list,domains.list,2021-10-02 03:54:09.226961,81561f4171cbf303385bcfe4
cheatgame4u.com,AVAILABILITY,domains.list,domains.list,2021-10-02 03:54:13.066970,81561f4171cbf303385bcfe4
cheatgametools.com,AVAILABILITY,domains.list,domains.list,2021-10-02 03:54:13.447887,81561f4171cbf303385bcfe4
cheathacktool.com,AVAILABILITY,domains.list,domains.list,2021-10-02 03:54:13.883114,81561f4171cbf303385bcfe4
cheathacktools.com,AVAILABILITY,domains.list,domains.list,2021-10-02 03:54:14.620671,81561f4171cbf303385bcfe4
cheatingus.com,AVAILABILITY,domains.list,domains.list,2021-10-02 03:54:14.853268,81561f4171cbf303385bcfe4
cheatload.com,AVAILABILITY,domains.list,domains.list,2021-10-02 03:54:15.118196,81561f4171cbf303385bcfe4
cheatmods.com,AVAILABILITY,domains.list,domains.list,2021-10-02 03:54:15.495385,81561f4171cbf303385bcfe4
cheatmp.com,AVAILABILITY,domains.list,domains.list,2021-10-02 03:54:15.737464,81561f4171cbf303385bcfe4
cheatmyapp.com,AVAILABILITY,domains.list,domains.list,2021-10-02 03:54:16.126703,81561f4171cbf303385bcfe4
cheatnhack.com,AVAILABILITY,domains.list,domains.list,2021-10-02 03:54:16.474010,81561f4171cbf303385bcfe4
cheatpointsgenerator.com,AVAILABILITY,domains.list,domains.list,2021-10-02 03:54:20.666776,81561f4171cbf303385bcfe4
cheats-factory.com,AVAILABILITY,domains.list,domains.list,2021-10-02 03:54:20.894491,81561f4171cbf303385bcfe4
cheats4us.com,AVAILABILITY,domains.list,domains.list,2021-10-02 03:54:21.734365,81561f4171cbf303385bcfe4
cheatsandcr4cks.com,AVAILABILITY,domains.list,domains.list,2021-10-02 03:54:22.113795,81561f4171cbf303385bcfe4
cheatsandhack.com,AVAILABILITY,domains.list,domains.list,2021-10-02 03:54:22.347813,81561f4171cbf303385bcfe4
cheatsandhacks.net,AVAILABILITY,domains.list,domains.list,2021-10-02 03:54:22.589656,81561f4171cbf303385bcfe4
cheatsandroid.com,AVAILABILITY,domains.list,domains.list,2021-10-02 03:54:22.980982,81561f4171cbf303385bcfe4
cheatsbasis.com,AVAILABILITY,domains.list,domains.list,2021-10-02 03:54:24.490877,81561f4171cbf303385bcfe4
cheatsbomb.com,AVAILABILITY,domains.list,domains.list,2021-10-02 03:54:45.091912,81561f4171cbf303385bcfe4
cheatscastle.com,AVAILABILITY,domains.list,domains.list,2021-10-02 03:54:45.401903,81561f4171cbf303385bcfe4
cheatselite.com,AVAILABILITY,domains.list,domains.list,2021-10-02 03:54:46.343427,81561f4171cbf303385bcfe4
cheatsempire.com,AVAILABILITY,domains.list,domains.list,2021-10-02 03:54:46.702342,81561f4171cbf303385bcfe4
cheatset.com,AVAILABILITY,domains.list,domains.list,2021-10-02 03:54:50.337168,81561f4171cbf303385bcfe4
cheatsfreedownload.eu,AVAILABILITY,domains.list,domains.list,2021-10-02 03:54:52.118655,81561f4171cbf303385bcfe4
cheatsgamehack.com,AVAILABILITY,domains.list,domains.list,2021-10-02 03:54:52.731949,81561f4171cbf303385bcfe4
cheatsgod.com,AVAILABILITY,domains.list,domains.list,2021-10-02 03:54:53.087594,81561f4171cbf303385bcfe4
cheatshacksfreedownload.com,AVAILABILITY,domains.list,domains.list,2021-10-02 03:54:53.485937,81561f4171cbf303385bcfe4
cheatshacksworld.com,AVAILABILITY,domains.list,domains.list,2021-10-02 03:54:53.787895,81561f4171cbf303385bcfe4
cheatsnew.com,AVAILABILITY,domains.list,domains.list,2021-10-02 03:54:54.605061,81561f4171cbf303385bcfe4
cheatsnhacks.net,AVAILABILITY,domains.list,domains.list,2021-10-02 03:54:55.852838,81561f4171cbf303385bcfe4
cheatsnosurvey.com,AVAILABILITY,domains.list,domains.list,2021-10-02 03:54:56.273065,81561f4171cbf303385bcfe4
cheatsoffuture.com,AVAILABILITY,domains.list,domains.list,2021-10-02 03:54:57.895447,81561f4171cbf303385bcfe4
cheatsok.com,AVAILABILITY,domains.list,domains.list,2021-10-02 03:54:58.218184,81561f4171cbf303385bcfe4
cheatson.com,AVAILABILITY,domains.list,domains.list,2021-10-02 03:54:58.497108,81561f4171cbf303385bcfe4
cheatsongame.com,AVAILABILITY,domains.list,domains.list,2021-10-02 03:54:58.981098,81561f4171cbf303385bcfe4
cheatspcgames.net,AVAILABILITY,domains.list,domains.list,2021-10-02 03:54:59.361821,81561f4171cbf303385bcfe4
cheatsphone.com,AVAILABILITY,domains.list,domains.list,2021-10-02 03:54:59.758478,81561f4171cbf303385bcfe4
cheatspike.com,AVAILABILITY,domains.list,domains.list,2021-10-02 03:55:00.049373,81561f4171cbf303385bcfe4
cheatsplace.info,AVAILABILITY,domains.list,domains.list,2021-10-02 03:55:00.348777,81561f4171cbf303385bcfe4
cheatsplanet.net,AVAILABILITY,domains.list,domains.list,2021-10-02 03:55:00.624910,81561f4171cbf303385bcfe4
cheatsplaza.com,AVAILABILITY,domains.list,domains.list,2021-10-02 03:55:01.105651,81561f4171cbf303385bcfe4
cheatsspott.com,AVAILABILITY,domains.list,domains.list,2021-10-02 03:55:03.215844,81561f4171cbf303385bcfe4
cheatstime.com,AVAILABILITY,domains.list,domains.list,2021-10-02 03:55:03.457337,81561f4171cbf303385bcfe4
cheatstrick.com,AVAILABILITY,domains.list,domains.list,2021-10-02 03:55:03.817151,81561f4171cbf303385bcfe4
cheatstudio.com,AVAILABILITY,domains.list,domains.list,2021-10-02 03:55:04.058126,81561f4171cbf303385bcfe4
cheatsup.com,AVAILABILITY,domains.list,domains.list,2021-10-02 03:55:04.509243,81561f4171cbf303385bcfe4
cheatswithoutjailbreak.com,AVAILABILITY,domains.list,domains.list,2021-10-02 03:55:05.028199,81561f4171cbf303385bcfe4
cheatszone.org,AVAILABILITY,domains.list,domains.list,2021-10-02 03:55:05.694970,81561f4171cbf303385bcfe4
checkcsgo.com,AVAILABILITY,domains.list,domains.list,2021-10-02 03:55:06.092312,81561f4171cbf303385bcfe4
checkerskins.com,AVAILABILITY,domains.list,domains.list,2021-10-02 03:55:06.320775,81561f4171cbf303385bcfe4
checkskins.com,AVAILABILITY,domains.list,domains.list,2021-10-02 03:55:06.687985,81561f4171cbf303385bcfe4
checonsigli.it,AVAILABILITY,domains.list,domains.list,2021-10-02 03:55:06.952961,81561f4171cbf303385bcfe4
cheersfile.net,AVAILABILITY,domains.list,domains.list,2021-10-02 03:55:08.068632,81561f4171cbf303385bcfe4
cheriefm.fr,AVAILABILITY,domains.list,domains.list,2021-10-02 03:55:08.442251,81561f4171cbf303385bcfe4
chinarisingexpansiondlc.sharezips.net,AVAILABILITY,domains.list,domains.list,2021-10-02 03:55:09.676112,81561f4171cbf303385bcfe4
chmzlxs.com,AVAILABILITY,domains.list,domains.list,2021-10-02 03:55:12.435856,81561f4171cbf303385bcfe4
choddia.com,AVAILABILITY,domains.list,domains.list,2021-10-02 03:55:14.598828,81561f4171cbf303385bcfe4
chop.wtf,AVAILABILITY,domains.list,domains.list,2021-10-02 03:55:18.579662,81561f4171cbf303385bcfe4
chopchop.wtf,AVAILABILITY,domains.list,domains.list,2021-10-02 03:55:18.814967,81561f4171cbf303385bcfe4
christmasgiftnow.com,AVAILABILITY,domains.list,domains.list,2021-10-02 03:55:19.294537,81561f4171cbf303385bcfe4
christmasgiftsau.com,AVAILABILITY,domains.list,domains.list,2021-10-02 03:55:19.541193,81561f4171cbf303385bcfe4
chronicbee.com,AVAILABILITY,domains.list,domains.list,2021-10-02 03:55:20.035888,81561f4171cbf303385bcfe4
chronicexpress.com,AVAILABILITY,domains.list,domains.list,2021-10-02 03:55:20.876874,81561f4171cbf303385bcfe4
cinac.ru,AVAILABILITY,domains.list,domains.list,2021-10-02 03:55:21.547625,81561f4171cbf303385bcfe4
cinamuse.com,AVAILABILITY,domains.list,domains.list,2021-10-02 03:55:21.797778,81561f4171cbf303385bcfe4
cineble.com,AVAILABILITY,domains.list,domains.list,2021-10-02 03:55:24.492042,81561f4171cbf303385bcfe4
cineflixillimite.com,AVAILABILITY,domains.list,domains.list,2021-10-02 03:55:24.726022,81561f4171cbf303385bcfe4
cinemabio.com,AVAILABILITY,domains.list,domains.list,2021-10-02 03:55:25.413632,81561f4171cbf303385bcfe4
cinemaden.com,AVAILABILITY,domains.list,domains.list,2021-10-02 03:55:26.081584,81561f4171cbf303385bcfe4
cinemaon7.com,AVAILABILITY,domains.list,domains.list,2021-10-02 03:55:26.468591,81561f4171cbf303385bcfe4
cinemaxy.com,AVAILABILITY,domains.list,domains.list,2021-10-02 03:55:27.230018,81561f4171cbf303385bcfe4
cipta.net,AVAILABILITY,domains.list,domains.list,2021-10-02 03:55:32.601849,81561f4171cbf303385bcfe4
citiesoftomorrow.dlcodes.com,AVAILABILITY,domains.list,domains.list,2021-10-02 03:55:34.021319,81561f4171cbf303385bcfe4
civilization5.sharezips.info,AVAILABILITY,domains.list,domains.list,2021-10-02 03:55:34.813553,81561f4171cbf303385bcfe4
claimiphone7.net,AVAILABILITY,domains.list,domains.list,2021-10-02 03:55:36.318325,81561f4171cbf303385bcfe4
claimunibonus.com,AVAILABILITY,domains.list,domains.list,2021-10-02 03:55:36.565398,81561f4171cbf303385bcfe4
clansastuce.newzgames.com,AVAILABILITY,domains.list,domains.list,2021-10-02 03:55:37.119635,81561f4171cbf303385bcfe4
clanshacktool.com,AVAILABILITY,domains.list,domains.list,2021-10-02 03:55:38.150679,81561f4171cbf303385bcfe4
clanshelper.com,AVAILABILITY,domains.list,domains.list,2021-10-02 03:55:38.395756,81561f4171cbf303385bcfe4
clash.ofclans.com,AVAILABILITY,domains.list,domains.list,2021-10-02 03:55:39.566004,81561f4171cbf303385bcfe4
clashclanshack.com,AVAILABILITY,domains.list,domains.list,2021-10-02 03:55:40.441278,81561f4171cbf303385bcfe4
clashgenerator.com,AVAILABILITY,domains.list,domains.list,2021-10-02 03:55:40.691545,81561f4171cbf303385bcfe4
clashgiveaway.com,AVAILABILITY,domains.list,domains.list,2021-10-02 03:55:41.664079,81561f4171cbf303385bcfe4
clashofclanhacks.com,AVAILABILITY,domains.list,domains.list,2021-10-02 03:55:42.036552,81561f4171cbf303385bcfe4
clashofclans-gen.com,AVAILABILITY,domains.list,domains.list,2021-10-02 03:55:42.283938,81561f4171cbf303385bcfe4
clashofclans-hacks.com,AVAILABILITY,domains.list,domains.list,2021-10-02 03:55:42.666587,81561f4171cbf303385bcfe4
clashofclans.confidencegames.com,AVAILABILITY,domains.list,domains.list,2021-10-02 03:55:42.937546,81561f4171cbf303385bcfe4
clashofclans.filesforgames.com,AVAILABILITY,domains.list,domains.list,2021-10-02 03:55:43.480395,81561f4171cbf303385bcfe4
clashofclans.newzgames.com,AVAILABILITY,domains.list,domains.list,2021-10-02 03:55:44.537145,81561f4171cbf303385bcfe4
clashofclans.sharezips.info,AVAILABILITY,domains.list,domains.list,2021-10-02 03:55:44.894002,81561f4171cbf303385bcfe4
clashofclans2014new.elitegamershub.com,AVAILABILITY,domains.list,domains.list,2021-10-02 03:55:45.246778,81561f4171cbf303385bcfe4
clashofclanscheat.newzgames.com,AVAILABILITY,domains.list,domains.list,2021-10-02 03:55:46.131515,81561f4171cbf303385bcfe4
clashofclanscheats.newzgames.com,AVAILABILITY,domains.list,domains.list,2021-10-02 03:55:46.841788,81561f4171cbf303385bcfe4
clashofclanscheatshack.com,AVAILABILITY,domains.list,domains.list,2021-10-02 03:55:47.251736,81561f4171cbf303385bcfe4
clashofclansgamesonline.com,AVAILABILITY,domains.list,domains.list,2021-10-02 03:55:47.952229,81561f4171cbf303385bcfe4
clashofclansgemhack.com,AVAILABILITY,domains.list,domains.list,2021-10-02 03:55:48.192780,81561f4171cbf303385bcfe4
clashofclansgemmes.com,AVAILABILITY,domains.list,domains.list,2021-10-02 03:55:49.314041,81561f4171cbf303385bcfe4
clashofclansgemmes.net,AVAILABILITY,domains.list,domains.list,2021-10-02 03:55:49.704175,81561f4171cbf303385bcfe4
clashofclansgemmesillimite.com,AVAILABILITY,domains.list,domains.list,2021-10-02 03:55:49.951417,81561f4171cbf303385bcfe4
clashofclansgenerator.com,AVAILABILITY,domains.list,domains.list,2021-10-02 03:55:50.347829,81561f4171cbf303385bcfe4
clashofclanshack.com,AVAILABILITY,domains.list,domains.list,2021-10-02 03:56:10.650939,81561f4171cbf303385bcfe4
clashofclanshack.leakbay.net,AVAILABILITY,domains.list,domains.list,2021-10-02 03:56:12.042111,81561f4171cbf303385bcfe4
clashofclanshack.newzgames.com,AVAILABILITY,domains.list,domains.list,2021-10-02 03:56:12.645037,81561f4171cbf303385bcfe4
clashofclanshack.online-cheats.com,AVAILABILITY,domains.list,domains.list,2021-10-02 03:56:13.191984,81561f4171cbf303385bcfe4
clashofclanshack.social-cheats.com,AVAILABILITY,domains.list,domains.list,2021-10-02 03:56:13.470688,81561f4171cbf303385bcfe4
clashofclanshackcheat.com,AVAILABILITY,domains.list,domains.list,2021-10-02 03:56:34.133915,81561f4171cbf303385bcfe4
clashofclanshackcheats.info,AVAILABILITY,domains.list,domains.list,2021-10-02 03:56:34.537044,81561f4171cbf303385bcfe4
clashofclanshacked.com,AVAILABILITY,domains.list,domains.list,2021-10-02 03:56:36.139748,81561f4171cbf303385bcfe4
clashofclanshackers.net,AVAILABILITY,domains.list,domains.list,2021-10-02 03:56:36.532698,81561f4171cbf303385bcfe4
clashofclanshackgems.com,AVAILABILITY,domains.list,domains.list,2021-10-02 03:56:36.771293,81561f4171cbf303385bcfe4
clashofclanshackonline.com,AVAILABILITY,domains.list,domains.list,2021-10-02 03:56:37.312434,81561f4171cbf303385bcfe4
clashofclanshackonline.org,AVAILABILITY,domains.list,domains.list,2021-10-02 03:56:37.690699,81561f4171cbf303385bcfe4
clashofclanshackunlimitedgems.com,AVAILABILITY,domains.list,domains.list,2021-10-02 03:56:38.978382,81561f4171cbf303385bcfe4
clashofclanshackz.com,AVAILABILITY,domains.list,domains.list,2021-10-02 03:56:39.818780,81561f4171cbf303385bcfe4
clashofclanshelper.com,AVAILABILITY,domains.list,domains.list,2021-10-02 03:56:40.134688,81561f4171cbf303385bcfe4
clashofclansresourcesgenerator.com,AVAILABILITY,domains.list,domains.list,2021-10-02 03:56:40.380036,81561f4171cbf303385bcfe4
clashofclanstool.com,AVAILABILITY,domains.list,domains.list,2021-10-02 03:56:40.856720,81561f4171cbf303385bcfe4
clashofclanswar.com,AVAILABILITY,domains.list,domains.list,2021-10-02 03:56:41.690137,81561f4171cbf303385bcfe4
clashofgems.net,AVAILABILITY,domains.list,domains.list,2021-10-02 03:56:42.182166,81561f4171cbf303385bcfe4
clashroyales.freeastuces.com,AVAILABILITY,domains.list,domains.list,2021-10-02 03:56:47.671249,81561f4171cbf303385bcfe4
cleandownload.net,AVAILABILITY,domains.list,domains.list,2021-10-02 03:56:48.190149,81561f4171cbf303385bcfe4
cleanfile.org,AVAILABILITY,domains.list,domains.list,2021-10-02 03:56:48.607272,81561f4171cbf303385bcfe4
cleanfiles.net,AVAILABILITY,domains.list,domains.list,2021-10-02 03:56:48.841825,81561f4171cbf303385bcfe4
cleanfiles.org,AVAILABILITY,domains.list,domains.list,2021-10-02 03:56:49.118666,81561f4171cbf303385bcfe4
cleanlinked.com,AVAILABILITY,domains.list,domains.list,2021-10-02 03:56:49.626184,81561f4171cbf303385bcfe4
cleanshare.net,AVAILABILITY,domains.list,domains.list,2021-10-02 03:56:49.908255,81561f4171cbf303385bcfe4
clickhosted.com,AVAILABILITY,domains.list,domains.list,2021-10-02 03:56:51.110212,81561f4171cbf303385bcfe4
clipskeeper.com,AVAILABILITY,domains.list,domains.list,2021-10-02 03:56:51.477507,81561f4171cbf303385bcfe4
clixtk.com,AVAILABILITY,domains.list,domains.list,2021-10-02 03:56:51.840342,81561f4171cbf303385bcfe4
clomgiriwil.com,AVAILABILITY,domains.list,domains.list,2021-10-02 03:56:52.564147,81561f4171cbf303385bcfe4
cloud-skins.fun,AVAILABILITY,domains.list,domains.list,2021-10-02 03:56:52.934551,81561f4171cbf303385bcfe4
clubpenguin.haxdo.com,AVAILABILITY,domains.list,domains.list,2021-10-02 03:56:53.451921,81561f4171cbf303385bcfe4
clubpenguin.validcheats.com,AVAILABILITY,domains.list,domains.list,2021-10-02 03:57:12.885457,81561f4171cbf303385bcfe4
clubpenguinmembershiphack.newzgames.com,AVAILABILITY,domains.list,domains.list,2021-10-02 03:57:13.561598,81561f4171cbf303385bcfe4
clumsyninja.sharezips.info,AVAILABILITY,domains.list,domains.list,2021-10-02 03:57:14.196471,81561f4171cbf303385bcfe4
clumsyninjahack.com,AVAILABILITY,domains.list,domains.list,2021-10-02 03:57:14.575418,81561f4171cbf303385bcfe4
clumsyninjahack.goblogz.net,AVAILABILITY,domains.list,domains.list,2021-10-02 03:57:14.885085,81561f4171cbf303385bcfe4
clydegen.me,AVAILABILITY,domains.list,domains.list,2021-10-02 03:57:16.924188,81561f4171cbf303385bcfe4
cmecsgoldcup.com,AVAILABILITY,domains.list,domains.list,2021-10-02 03:57:17.164638,81561f4171cbf303385bcfe4
cmepure.com,AVAILABILITY,domains.list,domains.list,2021-10-02 03:57:17.411628,81561f4171cbf303385bcfe4
cmoney.money,AVAILABILITY,domains.list,domains.list,2021-10-02 03:57:39.546084,81561f4171cbf303385bcfe4
cmrewards.site,AVAILABILITY,domains.list,domains.list,2021-10-02 03:57:39.788140,81561f4171cbf303385bcfe4
coc.extafiles.com,AVAILABILITY,domains.list,domains.list,2021-10-02 03:57:40.719466,81561f4171cbf303385bcfe4
coc.validcheats.com,AVAILABILITY,domains.list,domains.list,2021-10-02 03:57:44.163717,81561f4171cbf303385bcfe4
cocfreegems.net,AVAILABILITY,domains.list,domains.list,2021-10-02 03:57:44.756864,81561f4171cbf303385bcfe4
cocgemtool.com,AVAILABILITY,domains.list,domains.list,2021-10-02 03:57:45.032576,81561f4171cbf303385bcfe4
cochacks.com,AVAILABILITY,domains.list,domains.list,2021-10-02 03:57:45.433410,81561f4171cbf303385bcfe4
cod-modernwarfare3-hacks.upfiles.eu,AVAILABILITY,domains.list,domains.list,2021-10-02 03:57:46.037864,81561f4171cbf303385bcfe4
codblackops2hacks.net,AVAILABILITY,domains.list,domains.list,2021-10-02 03:57:46.938349,81561f4171cbf303385bcfe4
code-gratuit.org,AVAILABILITY,domains.list,domains.list,2021-10-02 03:57:47.456583,81561f4171cbf303385bcfe4
code-psn-gratuit.fr,AVAILABILITY,domains.list,domains.list,2021-10-02 03:57:47.686636,81561f4171cbf303385bcfe4
codeforpsn.com,AVAILABILITY,domains.list,domains.list,2021-10-02 03:57:48.089717,81561f4171cbf303385bcfe4
codegenerator.me,AVAILABILITY,domains.list,domains.list,2021-10-02 03:57:48.731314,81561f4171cbf303385bcfe4
codegeneratorfree.net,AVAILABILITY,domains.list,domains.list,2021-10-02 03:57:49.160584,81561f4171cbf303385bcfe4
codegenerators.net,AVAILABILITY,domains.list,domains.list,2021-10-02 03:57:49.416996,81561f4171cbf303385bcfe4
codegoogleplay.betack.com,AVAILABILITY,domains.list,domains.list,2021-10-02 03:57:49.668055,81561f4171cbf303385bcfe4
codeheaven.org,AVAILABILITY,domains.list,domains.list,2021-10-02 03:57:50.490226,81561f4171cbf303385bcfe4
codeprimeur.com,AVAILABILITY,domains.list,domains.list,2021-10-02 03:57:50.752916,81561f4171cbf303385bcfe4
codepsngratuit.com,AVAILABILITY,domains.list,domains.list,2021-10-02 03:57:51.038423,81561f4171cbf303385bcfe4
codepsngratuitps3.com,AVAILABILITY,domains.list,domains.list,2021-10-02 03:57:51.915475,81561f4171cbf303385bcfe4
codes-keys.com,AVAILABILITY,domains.list,domains.list,2021-10-02 03:57:52.295995,81561f4171cbf303385bcfe4
codes4free.net,AVAILABILITY,domains.list,domains.list,2021-10-02 03:57:53.294678,81561f4171cbf303385bcfe4
codes4psn.com,AVAILABILITY,domains.list,domains.list,2021-10-02 03:57:53.533029,81561f4171cbf303385bcfe4
codesandgenerators.com,AVAILABILITY,domains.list,domains.list,2021-10-02 03:57:53.771826,81561f4171cbf303385bcfe4
codesforfree.net,AVAILABILITY,domains.list,domains.list,2021-10-02 03:57:54.002796,81561f4171cbf303385bcfe4
codeskype.betack.com,AVAILABILITY,domains.list,domains.list,2021-10-02 03:57:54.656410,81561f4171cbf303385bcfe4
codesplace.com,AVAILABILITY,domains.list,domains.list,2021-10-02 03:57:57.563070,81561f4171cbf303385bcfe4
codesxblfree.com,AVAILABILITY,domains.list,domains.list,2021-10-02 03:57:58.708868,81561f4171cbf303385bcfe4
codesxboxlive.com,AVAILABILITY,domains.list,domains.list,2021-10-02 03:57:58.957550,81561f4171cbf303385bcfe4
codghost.sharezips.info,AVAILABILITY,domains.list,domains.list,2021-10-02 03:57:59.518744,81561f4171cbf303385bcfe4
codghost.sharezips.net,AVAILABILITY,domains.list,domains.list,2021-10-02 03:58:00.733083,81561f4171cbf303385bcfe4
codghostprestigehack.com,AVAILABILITY,domains.list,domains.list,2021-10-02 03:58:00.977120,81561f4171cbf303385bcfe4
cogrem.com,AVAILABILITY,domains.list,domains.list,2021-10-02 03:58:01.998128,81561f4171cbf303385bcfe4
coinbase.gift,AVAILABILITY,domains.list,domains.list,2021-10-02 03:58:02.300624,81561f4171cbf303385bcfe4
coinbasepro-giveaway.com,AVAILABILITY,domains.list,domains.list,2021-10-02 03:58:02.534508,81561f4171cbf303385bcfe4
coinsgame.icu,AVAILABILITY,domains.list,domains.list,2021-10-02 03:58:03.071698,81561f4171cbf303385bcfe4
coinshunt.com,AVAILABILITY,domains.list,domains.list,2021-10-02 03:58:08.332029,81561f4171cbf303385bcfe4
coinspokemongo.com,AVAILABILITY,domains.list,domains.list,2021-10-02 03:58:13.572819,81561f4171cbf303385bcfe4
coinxback.com,AVAILABILITY,domains.list,domains.list,2021-10-02 03:58:13.812698,81561f4171cbf303385bcfe4
com-host.info,AVAILABILITY,domains.list,domains.list,2021-10-02 03:58:14.480793,81561f4171cbf303385bcfe4
com-promotions.us,AVAILABILITY,domains.list,domains.list,2021-10-02 03:58:14.856284,81561f4171cbf303385bcfe4
combatarms-nx.com,AVAILABILITY,domains.list,domains.list,2021-10-02 03:58:15.233503,81561f4171cbf303385bcfe4
commentpirater.com,AVAILABILITY,domains.list,domains.list,2021-10-02 03:58:15.786902,81561f4171cbf303385bcfe4
commentpiratercomptefacebook.org,AVAILABILITY,domains.list,domains.list,2021-10-02 03:58:16.888763,81561f4171cbf303385bcfe4
comoespiarwhatsapp.com,AVAILABILITY,domains.list,domains.list,2021-10-02 03:58:18.349888,81561f4171cbf303385bcfe4
companyofheroes2.sharezips.info,AVAILABILITY,domains.list,domains.list,2021-10-02 03:58:19.140198,81561f4171cbf303385bcfe4
compte-facebook.ws,AVAILABILITY,domains.list,domains.list,2021-10-02 03:58:20.189785,81561f4171cbf303385bcfe4
confidencegames.com,AVAILABILITY,domains.list,domains.list,2021-10-02 03:58:20.719119,81561f4171cbf303385bcfe4
consolesupply.com,AVAILABILITY,domains.list,domains.list,2021-10-02 03:58:21.151554,81561f4171cbf303385bcfe4
contact-celebrities.com,AVAILABILITY,domains.list,domains.list,2021-10-02 03:58:21.383360,81561f4171cbf303385bcfe4
continuumdownload.com,AVAILABILITY,domains.list,domains.list,2021-10-02 03:58:22.499499,81561f4171cbf303385bcfe4
convectiontoasterovenreviews.biz,AVAILABILITY,domains.list,domains.list,2021-10-02 03:58:23.245835,81561f4171cbf303385bcfe4
conversationalingelligence.com,AVAILABILITY,domains.list,domains.list,2021-10-02 03:58:24.441124,81561f4171cbf303385bcfe4
cool-hacks.com,AVAILABILITY,domains.list,domains.list,2021-10-02 03:58:24.671527,81561f4171cbf303385bcfe4
cooldocument.com,AVAILABILITY,domains.list,domains.list,2021-10-02 03:58:25.038342,81561f4171cbf303385bcfe4
cooldownloadz.com,AVAILABILITY,domains.list,domains.list,2021-10-02 03:58:25.398770,81561f4171cbf303385bcfe4
coolluck.info,AVAILABILITY,domains.list,domains.list,2021-10-02 03:58:25.823554,81561f4171cbf303385bcfe4
copob.ru,AVAILABILITY,domains.list,domains.list,2021-10-02 03:58:26.283066,81561f4171cbf303385bcfe4
corehacks.com,AVAILABILITY,domains.list,domains.list,2021-10-02 03:58:26.570328,81561f4171cbf303385bcfe4
cori.pw,AVAILABILITY,domains.list,domains.list,2021-10-02 03:58:26.863850,81561f4171cbf303385bcfe4
cotelia.com,AVAILABILITY,domains.list,domains.list,2021-10-02 03:58:27.184556,81561f4171cbf303385bcfe4
counterfeitdoc.com,AVAILABILITY,domains.list,domains.list,2021-10-02 03:58:30.993248,81561f4171cbf303385bcfe4
counterfeitmoneyshop.org,AVAILABILITY,domains.list,domains.list,2021-10-02 03:58:31.561999,81561f4171cbf303385bcfe4
counterfeitnote.com,AVAILABILITY,domains.list,domains.list,2021-10-02 03:58:31.891514,81561f4171cbf303385bcfe4
couponspage.club,AVAILABILITY,domains.list,domains.list,2021-10-02 03:58:32.981689,81561f4171cbf303385bcfe4
covert-case.com,AVAILABILITY,domains.list,domains.list,2021-10-02 03:58:33.221843,81561f4171cbf303385bcfe4
coverthunterpack.sharezips.info,AVAILABILITY,domains.list,domains.list,2021-10-02 03:58:33.626159,81561f4171cbf303385bcfe4
coverty.it,AVAILABILITY,domains.list,domains.list,2021-10-02 03:58:33.877828,81561f4171cbf303385bcfe4
covid-19donator.com,AVAILABILITY,domains.list,domains.list,2021-10-02 03:58:34.111024,81561f4171cbf303385bcfe4
covid-19donor.com,AVAILABILITY,domains.list,domains.list,2021-10-02 03:58:34.340491,81561f4171cbf303385bcfe4
covid19grantor.com,AVAILABILITY,domains.list,domains.list,2021-10-02 03:58:34.582731,81561f4171cbf303385bcfe4
covid19kit.online,AVAILABILITY,domains.list,domains.list,2021-10-02 03:58:34.821412,81561f4171cbf303385bcfe4
cpadoom.com,AVAILABILITY,domains.list,domains.list,2021-10-02 03:58:35.087314,81561f4171cbf303385bcfe4
cpalead.com,AVAILABILITY,domains.list,domains.list,2021-10-02 03:58:35.509986,81561f4171cbf303385bcfe4
cpaoi.com,AVAILABILITY,domains.list,domains.list,2021-10-02 03:58:35.785091,81561f4171cbf303385bcfe4
cpbild.co,AVAILABILITY,domains.list,domains.list,2021-10-02 03:58:36.085612,81561f4171cbf303385bcfe4
cpbldi.com,AVAILABILITY,domains.list,domains.list,2021-10-02 03:58:36.372199,81561f4171cbf303385bcfe4
cpro.su,AVAILABILITY,domains.list,domains.list,2021-10-02 03:58:36.604807,81561f4171cbf303385bcfe4
crack4u.com,AVAILABILITY,domains.list,domains.list,2021-10-02 03:58:37.157784,81561f4171cbf303385bcfe4
crack7.com,AVAILABILITY,domains.list,domains.list,2021-10-02 03:58:37.448328,81561f4171cbf303385bcfe4
crackage.net,AVAILABILITY,domains.list,domains.list,2021-10-02 03:58:38.008354,81561f4171cbf303385bcfe4
crackandhack.info,AVAILABILITY,domains.list,domains.list,2021-10-02 03:58:39.012750,81561f4171cbf303385bcfe4
crackdb.info,AVAILABILITY,domains.list,domains.list,2021-10-02 03:58:39.549122,81561f4171cbf303385bcfe4
cracked.sx,AVAILABILITY,domains.list,domains.list,2021-10-02 03:58:39.807192,81561f4171cbf303385bcfe4
crackedscripts.com,AVAILABILITY,domains.list,domains.list,2021-10-02 03:58:40.190261,81561f4171cbf303385bcfe4
crackelite.com,AVAILABILITY,domains.list,domains.list,2021-10-02 03:58:40.729703,81561f4171cbf303385bcfe4
cracker-nation.com,AVAILABILITY,domains.list,domains.list,2021-10-02 03:58:40.969710,81561f4171cbf303385bcfe4
crackernapper.com,AVAILABILITY,domains.list,domains.list,2021-10-02 03:58:41.247265,81561f4171cbf303385bcfe4
crackfulldownload.com,AVAILABILITY,domains.list,domains.list,2021-10-02 03:58:41.839649,81561f4171cbf303385bcfe4
cracking-world.com,AVAILABILITY,domains.list,domains.list,2021-10-02 03:58:42.363459,81561f4171cbf303385bcfe4
cracking.org,AVAILABILITY,domains.list,domains.list,2021-10-02 03:58:42.824506,81561f4171cbf303385bcfe4
crackkeygengame.com,AVAILABILITY,domains.list,domains.list,2021-10-02 03:58:43.763947,81561f4171cbf303385bcfe4
cracks-serials.com,AVAILABILITY,domains.list,domains.list,2021-10-02 03:58:44.300506,81561f4171cbf303385bcfe4
cracks4games.com,AVAILABILITY,domains.list,domains.list,2021-10-02 03:58:45.422364,81561f4171cbf303385bcfe4
cracksapp.com,AVAILABILITY,domains.list,domains.list,2021-10-02 03:58:46.730287,81561f4171cbf303385bcfe4
cracksbyte.com,AVAILABILITY,domains.list,domains.list,2021-10-02 03:58:46.993769,81561f4171cbf303385bcfe4
crackserialcodes.com,AVAILABILITY,domains.list,domains.list,2021-10-02 03:58:47.998462,81561f4171cbf303385bcfe4
cracksor.com,AVAILABILITY,domains.list,domains.list,2021-10-02 03:58:48.532745,81561f4171cbf303385bcfe4
cracksplay.com,AVAILABILITY,domains.list,domains.list,2021-10-02 03:58:48.997268,81561f4171cbf303385bcfe4
crackssite.com,AVAILABILITY,domains.list,domains.list,2021-10-02 03:58:49.830464,81561f4171cbf303385bcfe4
cracktheworld.com,AVAILABILITY,domains.list,domains.list,2021-10-02 03:58:50.101840,81561f4171cbf303385bcfe4
crackygame.com,AVAILABILITY,domains.list,domains.list,2021-10-02 03:58:51.124592,81561f4171cbf303385bcfe4
crackyourworld.com,AVAILABILITY,domains.list,domains.list,2021-10-02 03:58:51.647011,81561f4171cbf303385bcfe4
crackyteam.com,AVAILABILITY,domains.list,domains.list,2021-10-02 03:58:52.413234,81561f4171cbf303385bcfe4
cracxsoftware.com,AVAILABILITY,domains.list,domains.list,2021-10-02 03:58:52.705440,81561f4171cbf303385bcfe4
crafting.xyz,AVAILABILITY,domains.list,domains.list,2021-10-02 03:58:53.104458,81561f4171cbf303385bcfe4
crazyrdp.com,AVAILABILITY,domains.list,domains.list,2021-10-02 03:58:53.784917,81561f4171cbf303385bcfe4
crazyshare.net,AVAILABILITY,domains.list,domains.list,2021-10-02 03:58:54.022988,81561f4171cbf303385bcfe4
crazyskins.fun,AVAILABILITY,domains.list,domains.list,2021-10-02 03:58:54.256943,81561f4171cbf303385bcfe4
crdclub.su,AVAILABILITY,domains.list,domains.list,2021-10-02 03:58:54.505019,81561f4171cbf303385bcfe4
creed3.sharezips.info,AVAILABILITY,domains.list,domains.list,2021-10-02 03:58:55.297668,81561f4171cbf303385bcfe4
creigslist.com,AVAILABILITY,domains.list,domains.list,2021-10-02 03:58:55.718099,81561f4171cbf303385bcfe4
cristaltrade.com,AVAILABILITY,domains.list,domains.list,2021-10-02 03:58:56.252743,81561f4171cbf303385bcfe4
crunchmutt.com,AVAILABILITY,domains.list,domains.list,2021-10-02 03:58:56.656196,81561f4171cbf303385bcfe4
crushthecandy.com,AVAILABILITY,domains.list,domains.list,2021-10-02 03:58:56.904979,81561f4171cbf303385bcfe4
crypto-gifts.net,AVAILABILITY,domains.list,domains.list,2021-10-02 03:58:57.151726,81561f4171cbf303385bcfe4
crypto-loot.com,AVAILABILITY,domains.list,domains.list,2021-10-02 03:58:57.390898,81561f4171cbf303385bcfe4
cryptodoubler.io,AVAILABILITY,domains.list,domains.list,2021-10-02 03:59:17.964747,81561f4171cbf303385bcfe4
cryptoforhealth.com,AVAILABILITY,domains.list,domains.list,2021-10-02 03:59:18.259641,81561f4171cbf303385bcfe4
cryptoxcash.com,AVAILABILITY,domains.list,domains.list,2021-10-02 03:59:18.689644,81561f4171cbf303385bcfe4
cs-money.money,AVAILABILITY,domains.list,domains.list,2021-10-02 03:59:19.501999,81561f4171cbf303385bcfe4
cs-money.pro,AVAILABILITY,domains.list,domains.list,2021-10-02 03:59:19.735901,81561f4171cbf303385bcfe4
cs-trader.com,AVAILABILITY,domains.list,domains.list,2021-10-02 03:59:20.118797,81561f4171cbf303385bcfe4
cs1.money,AVAILABILITY,domains.list,domains.list,2021-10-02 03:59:20.506957,81561f4171cbf303385bcfe4
cscccase.online,AVAILABILITY,domains.list,domains.list,2021-10-02 03:59:21.357696,81561f4171cbf303385bcfe4
cscccase.ru.com,AVAILABILITY,domains.list,domains.list,2021-10-02 03:59:21.967952,81561f4171cbf303385bcfe4
csetournament.info,AVAILABILITY,domains.list,domains.list,2021-10-02 03:59:22.459500,81561f4171cbf303385bcfe4
csfreshskins.com,AVAILABILITY,domains.list,domains.list,2021-10-02 03:59:22.996180,81561f4171cbf303385bcfe4
csgetskin.com,AVAILABILITY,domains.list,domains.list,2021-10-02 03:59:23.261885,81561f4171cbf303385bcfe4
csgo-drop.com,AVAILABILITY,domains.list,domains.list,2021-10-02 03:59:25.248286,81561f4171cbf303385bcfe4
csgo-empire.pro,AVAILABILITY,domains.list,domains.list,2021-10-02 03:59:25.482777,81561f4171cbf303385bcfe4
csgo-finder.com,AVAILABILITY,domains.list,domains.list,2021-10-02 03:59:26.010656,81561f4171cbf303385bcfe4
csgo-fortune.com,AVAILABILITY,domains.list,domains.list,2021-10-02 03:59:26.250362,81561f4171cbf303385bcfe4
csgo-hacks.com,AVAILABILITY,domains.list,domains.list,2021-10-02 03:59:26.792749,81561f4171cbf303385bcfe4
csgo-jackpot.net,AVAILABILITY,domains.list,domains.list,2021-10-02 03:59:27.470514,81561f4171cbf303385bcfe4
csgo-markets.com,AVAILABILITY,domains.list,domains.list,2021-10-02 03:59:28.003651,81561f4171cbf303385bcfe4
csgo-prize.site,AVAILABILITY,domains.list,domains.list,2021-10-02 03:59:28.681760,81561f4171cbf303385bcfe4
csgo-skins.website,AVAILABILITY,domains.list,domains.list,2021-10-02 03:59:29.357164,81561f4171cbf303385bcfe4
csgo-skins4.pro,AVAILABILITY,domains.list,domains.list,2021-10-02 03:59:29.599227,81561f4171cbf303385bcfe4
csgo-star.com,AVAILABILITY,domains.list,domains.list,2021-10-02 03:59:29.833916,81561f4171cbf303385bcfe4
csgo-steamanalyst.com,AVAILABILITY,domains.list,domains.list,2021-10-02 03:59:30.215082,81561f4171cbf303385bcfe4
csgo-swapskin.com,AVAILABILITY,domains.list,domains.list,2021-10-02 03:59:30.449261,81561f4171cbf303385bcfe4
csgo-up.com,AVAILABILITY,domains.list,domains.list,2021-10-02 03:59:31.123890,81561f4171cbf303385bcfe4
csgo-zone.net,AVAILABILITY,domains.list,domains.list,2021-10-02 03:59:31.359255,81561f4171cbf303385bcfe4
csgo.ae,AVAILABILITY,domains.list,domains.list,2021-10-02 03:59:54.222271,81561f4171cbf303385bcfe4
csgo.run,AVAILABILITY,domains.list,domains.list,2021-10-02 03:59:54.765653,81561f4171cbf303385bcfe4
csgoaimbot.com,AVAILABILITY,domains.list,domains.list,2021-10-02 03:59:56.389715,81561f4171cbf303385bcfe4
csgoaways.com,AVAILABILITY,domains.list,domains.list,2021-10-02 03:59:57.083255,81561f4171cbf303385bcfe4
csgoboom.net,AVAILABILITY,domains.list,domains.list,2021-10-02 03:59:58.713013,81561f4171cbf303385bcfe4
csgocoolcase.com,AVAILABILITY,domains.list,domains.list,2021-10-02 04:00:00.715138,81561f4171cbf303385bcfe4
csgodragon2x.com,AVAILABILITY,domains.list,domains.list,2021-10-02 04:00:02.358022,81561f4171cbf303385bcfe4
csgodrugs.com,AVAILABILITY,domains.list,domains.list,2021-10-02 04:00:07.902186,81561f4171cbf303385bcfe4
csgoempires.net,AVAILABILITY,domains.list,domains.list,2021-10-02 04:00:08.736021,81561f4171cbf303385bcfe4
csgoexpose.com,AVAILABILITY,domains.list,domains.list,2021-10-02 04:00:09.426052,81561f4171cbf303385bcfe4
csgofastrade.com,AVAILABILITY,domains.list,domains.list,2021-10-02 04:00:10.165274,81561f4171cbf303385bcfe4
csgofine.com,AVAILABILITY,domains.list,domains.list,2021-10-02 04:00:10.551723,81561f4171cbf303385bcfe4
csgoflex.site,AVAILABILITY,domains.list,domains.list,2021-10-02 04:00:11.669246,81561f4171cbf303385bcfe4
csgoforces.com,AVAILABILITY,domains.list,domains.list,2021-10-02 04:00:11.927448,81561f4171cbf303385bcfe4
csgofortunes.com,AVAILABILITY,domains.list,domains.list,2021-10-02 04:00:12.808538,81561f4171cbf303385bcfe4
csgogivers.com,AVAILABILITY,domains.list,domains.list,2021-10-02 04:00:14.386994,81561f4171cbf303385bcfe4
csgohall.com,AVAILABILITY,domains.list,domains.list,2021-10-02 04:00:15.563433,81561f4171cbf303385bcfe4
csgohop.com,AVAILABILITY,domains.list,domains.list,2021-10-02 04:00:16.438846,81561f4171cbf303385bcfe4
csgoid.com,AVAILABILITY,domains.list,domains.list,2021-10-02 04:00:17.565703,81561f4171cbf303385bcfe4
csgoincome.com,AVAILABILITY,domains.list,domains.list,2021-10-02 04:00:17.824844,81561f4171cbf303385bcfe4
csgoitemsprices.com,AVAILABILITY,domains.list,domains.list,2021-10-02 04:00:18.675375,81561f4171cbf303385bcfe4
csgolaw.com,AVAILABILITY,domains.list,domains.list,2021-10-02 04:00:20.847202,81561f4171cbf303385bcfe4
csgolden.com,AVAILABILITY,domains.list,domains.list,2021-10-02 04:00:21.217073,81561f4171cbf303385bcfe4
csgoldluck.com,AVAILABILITY,domains.list,domains.list,2021-10-02 04:00:21.470612,81561f4171cbf303385bcfe4
csgoloot.site,AVAILABILITY,domains.list,domains.list,2021-10-02 04:00:22.907225,81561f4171cbf303385bcfe4
csgolounge.money,AVAILABILITY,domains.list,domains.list,2021-10-02 04:00:23.485216,81561f4171cbf303385bcfe4
csgolounge.trade,AVAILABILITY,domains.list,domains.list,2021-10-02 04:00:23.728738,81561f4171cbf303385bcfe4
csgoluckywheel.com,AVAILABILITY,domains.list,domains.list,2021-10-02 04:00:24.637994,81561f4171cbf303385bcfe4
csgoluxetrade.com,AVAILABILITY,domains.list,domains.list,2021-10-02 04:00:25.028951,81561f4171cbf303385bcfe4
csgomagic.org,AVAILABILITY,domains.list,domains.list,2021-10-02 04:00:25.517057,81561f4171cbf303385bcfe4
csgomanila.com,AVAILABILITY,domains.list,domains.list,2021-10-02 04:00:26.373609,81561f4171cbf303385bcfe4
csgomarkets.icu,AVAILABILITY,domains.list,domains.list,2021-10-02 04:00:26.635381,81561f4171cbf303385bcfe4
csgomezo.com,AVAILABILITY,domains.list,domains.list,2021-10-02 04:00:26.911754,81561f4171cbf303385bcfe4
csgonyx.com,AVAILABILITY,domains.list,domains.list,2021-10-02 04:00:28.226217,81561f4171cbf303385bcfe4
csgoocher.com,AVAILABILITY,domains.list,domains.list,2021-10-02 04:00:28.485994,81561f4171cbf303385bcfe4
csgopassion.com,AVAILABILITY,domains.list,domains.list,2021-10-02 04:00:28.887352,81561f4171cbf303385bcfe4
csgopattern.info,AVAILABILITY,domains.list,domains.list,2021-10-02 04:00:29.134183,81561f4171cbf303385bcfe4
csgoperry.com,AVAILABILITY,domains.list,domains.list,2021-10-02 04:00:29.383066,81561f4171cbf303385bcfe4
csgopump.com,AVAILABILITY,domains.list,domains.list,2021-10-02 04:00:31.305223,81561f4171cbf303385bcfe4
csgoranger.com,AVAILABILITY,domains.list,domains.list,2021-10-02 04:00:31.611435,81561f4171cbf303385bcfe4
csgoraptor.com,AVAILABILITY,domains.list,domains.list,2021-10-02 04:00:31.867721,81561f4171cbf303385bcfe4
csgorazes.com,AVAILABILITY,domains.list,domains.list,2021-10-02 04:00:32.290588,81561f4171cbf303385bcfe4
csgosearchengine.com,AVAILABILITY,domains.list,domains.list,2021-10-02 04:00:34.197503,81561f4171cbf303385bcfe4
csgoshow.com,AVAILABILITY,domains.list,domains.list,2021-10-02 04:00:35.326231,81561f4171cbf303385bcfe4
csgoskinsinfo.com,AVAILABILITY,domains.list,domains.list,2021-10-02 04:00:36.182675,81561f4171cbf303385bcfe4
csgoskinspattern.com,AVAILABILITY,domains.list,domains.list,2021-10-02 04:00:36.429926,81561f4171cbf303385bcfe4
csgoskinsprice.com,AVAILABILITY,domains.list,domains.list,2021-10-02 04:00:36.682185,81561f4171cbf303385bcfe4
csgoskulls.com,AVAILABILITY,domains.list,domains.list,2021-10-02 04:00:37.304340,81561f4171cbf303385bcfe4
csgospiner.com,AVAILABILITY,domains.list,domains.list,2021-10-02 04:00:38.307295,81561f4171cbf303385bcfe4
csgosteamanalyst.eu.com,AVAILABILITY,domains.list,domains.list,2021-10-02 04:00:39.215020,81561f4171cbf303385bcfe4
csgosteamanalyst.uk.com,AVAILABILITY,domains.list,domains.list,2021-10-02 04:00:39.677204,81561f4171cbf303385bcfe4
csgostix.com,AVAILABILITY,domains.list,domains.list,2021-10-02 04:01:00.113898,81561f4171cbf303385bcfe4
csgotap.fun,AVAILABILITY,domains.list,domains.list,2021-10-02 04:01:01.130151,81561f4171cbf303385bcfe4
csgotape.com,AVAILABILITY,domains.list,domains.list,2021-10-02 04:01:01.937523,81561f4171cbf303385bcfe4
